restaurant_series_num,name,star,comment_num,address,phone,avg_price,type
RSN_000000,滾吧 Qunba 鍋物 建北店,4.4,36,臺北市中山區建國北路一段148號,225173700,500,火鍋晚餐午餐
RSN_000001,打狗霸 TAKAO 1972,3.3,37,臺北市萬華區昆明街44之46號,223313677,440,火鍋日本料理
RSN_000002,春熙巷川麵堂,4.3,4,臺北市中正區濟南路二段58之3號,223960386,160,晚餐午餐
RSN_000003,匠樂割烹壽司,4.7,4,臺北市大安區四維路52巷31號,277091188,180,日本料理精緻高級約會餐廳
RSN_000004,養鍋 Yang Guo 石頭涮涮鍋 (台北松菸店),4.5,4,臺北市信義區忠孝東路四段559巷28號,227682889,250,火鍋晚餐午餐
RSN_000005,頂級甜不辣,4.2,22,臺北市萬華區廣州街,223026022,45,小吃晚餐
RSN_000006,大稻埕魯肉飯,4.3,66,臺北市大同區長安西路220巷17號,988051825,80,小吃晚餐午餐
RSN_000007,HEY CAFE,4.1,37,臺北市中山區中山北路一段33巷28號,225412218,320,咖啡義式料理甜點早午餐
RSN_000008,泰市場,3.7,28,臺北市信義區松高路11號6樓,287860029,600,泰式料理約會餐廳精緻高級
RSN_000009,馬辣頂級麻辣鴛鴦火鍋忠孝店,4,7,臺北市大安區忠孝東路四段223巷10弄4號,227212533,700,火鍋宵夜晚餐
RSN_000010,JAM'S TEA 詹姆詹姆果蜜大吉嶺茶飲,4.7,1,臺北市大安區忠孝東路四段216巷8弄16號,287717573,100,冰品飲料
RSN_000011,朝桂港式飲茶,3.9,11,臺北市大安區敦化南路一段200號B1,227728888,530,港式料理中式料理合菜下午茶
RSN_000012,十二粥,4.3,10,臺北市大安區通安街79號,227365565,60,小吃甜點冰品飲料
RSN_000013,小豬樂石韓國火山石烤肉專賣店,3.9,11,台北市內湖區東湖路94巷1號,226315199,1000,韓式料理燒烤晚餐
RSN_000014,Mallard Grilled Cheese Eatery 野鴨小餐館,4.8,8,臺北市松山區市民大道四段75號,287710690,300,下午茶晚餐午餐
RSN_000015,貓大福,3.6,12,臺北市中正區汀州路三段168號2樓,223656866,300,日本料理火鍋晚餐午餐
RSN_000016,水牛城美式餐廳BFLO,4.2,13,臺北市中山區北安路538巷1弄9號,225329833,450,美式料理約會餐廳精緻高級
RSN_000017,At.First Brunch緣來-松高店,3.9,8,臺北市信義區松高路16號B2,227238723,400,早午餐義式料理晚餐午餐
RSN_000018,食徒,4.7,15,臺北市中山區復興南路一段20號,227119508,1500,火鍋約會餐廳日本料理精緻高級
RSN_000019,奇岩一號 川湘料理,4.5,6,臺北市北投區奇巖路1號,255518888,800,中式料理合菜精緻高級約會餐廳
RSN_000020,魚君 さかなくん 鮮魚專門居酒屋,3.7,7,臺北市大安區光復南路290巷66號,227728959,350,日本料理宵夜晚餐
RSN_000021,紅磡 新飲茶,3.8,18,臺北市中山區林森北路263號,225423838,530,港式料理中式料理合菜宵夜
RSN_000022,朝鮮味,3.8,65,臺北市大安區仁愛路四段345巷4弄2號,287739190,400,韓式料理晚餐午餐
RSN_000023,鮮雞味,4.3,1,臺北市大安區臺北市臺灣 106 No. 45之11安東街之號,979698003,80,小吃宵夜晚餐
RSN_000024,南大門韓國烤肉,4,45,臺北市中山區林森北路119巷63號,225711017,500,韓式料理燒烤宵夜晚餐
RSN_000025,安好食 和平店,4,2,臺北市大安區和平東路二段118巷54弄6號,227384185,60,早午餐早餐午餐
RSN_000026,阿豬媽아줌마韓式烤肉ｘ火鍋吃到飽 西門店,2.8,4,台北市萬華區西寧南路123號4樓,223310511,420,韓式料理火鍋晚餐午餐
RSN_000027,Hoo. Donut 呼點甜甜圈,4.6,6,臺北市中正區南昌路二段9巷,223210036,190,甜點日本料理下午茶
RSN_000028,松青潤餅,4.3,7,臺北市中正區中華路二段311巷4號,930406677,50,小吃晚餐
RSN_000029,梅卿越南料理,4.3,6,臺北市士林區承德路四段40巷81號,228867252,300,晚餐午餐
RSN_000030,虎笑麵屋 Whole Chou,4.6,2,臺北市松山區三民路113巷18號1樓,227666978,250,小吃晚餐午餐
RSN_000031,必可蜜 PiQiMi,4.5,2,臺北市萬華區西寧南路119號,223111115,50,冰品飲料
RSN_000032,烏頂關東煮,2.4,2,臺北市大安區師大路49巷3之1號,223686659,100,晚餐
RSN_000033,Aj's wine & bistro,4.7,1,台北市大安區通化街171巷33號,227321189,2000,宵夜精緻高級餐酒館/酒吧約會餐廳
RSN_000034,百家樂鐵板燒,4,7,臺北市中山區民權東路二段13號,225859680,2000,合菜精緻高級約會餐廳晚餐
RSN_000035,來來豆漿,3,13,臺北市內湖區內湖路一段93號,227979253,200,小吃宵夜晚餐午餐
RSN_000036,Simple Kaffa 興波咖啡旗艦店,4.2,21,台北市中正區忠孝東路二段27號,233221888,300,甜點蛋糕早午餐
RSN_000037,uMeal 優膳糧,4.3,10,台北市信義區吳興街51號,287808026,160,晚餐午餐
RSN_000038,UMAMI 金色三麥,4.4,5,臺北市信義區松智路17號7F,227291229,750,精緻高級餐酒館/酒吧約會餐廳宵夜
RSN_000039,四食五Good Food大小通吃 麵線屋(延北),4.5,2,臺北市大同區延平北路一段69巷40號一樓,902157911,60,午餐
RSN_000040,青田七六,4.3,38,臺北市大安區青田街七巷六號,223916676,1200,日本料理約會餐廳精緻高級甜點
RSN_000041,台北西門町意舍酒店,4.3,1,臺北市萬華區武昌街二段77號5樓,223755111,240,蛋糕甜點下午茶
RSN_000042,小紅莓自助火鍋城,4.2,45,臺北市松山區寶清街24號,227676131,440,火鍋宵夜晚餐午餐
RSN_000043,QUE 原木燒烤餐廳,4.1,39,台北市南港區市民大道七段8號,226532899,750,燒烤牛排精緻高級
RSN_000044,山羊城全羊館,4.4,21,台北市松山區健康路300號,227531283,500,小吃火鍋宵夜晚餐
RSN_000045,ANGEL CAFE,4,4,臺北市大安區永康街18號,233433533,350,咖啡下午茶
RSN_000046,珍饌鹹粥,4.2,9,臺北市大安區通化街68號,233433583,80,小吃
RSN_000047,鳥哲燒物料亭,4.3,42,臺北市士林區福華路128巷12號,228310166,800,日本料理燒烤精緻高級拉麵
RSN_000048,安妞韓辣燙,3.6,4,臺北市大安區安東街52之3號1樓,227784566,200,韓式料理晚餐午餐
RSN_000049,紅九九個人鴛鴦鍋 市府店,4.5,33,臺北市信義區逸仙路42巷9號,287867299,700,火鍋宵夜下午茶
RSN_000050,Jiala coffee 加辣咖啡,4.7,14,臺北市中山區五常街53巷13號,225182510,230,咖啡早午餐下午茶
RSN_000051,嘉當歸鴨肉麵飯,3.9,1,臺北市信義區永吉路30巷89號,227530028,85,小吃晚餐午餐
RSN_000052,Together,4,19,臺北市大安區永康街31之6號,223933628,150,咖啡義式料理下午茶
RSN_000053,MeetFresh鮮芋仙,3.9,1,臺北市大安區永康街31之87號,227312355,55,甜點
RSN_000054,苒冉小食光,4.4,3,臺北市南港區興中路28巷5號,227889639,150,咖啡下午茶
RSN_000055,佐藤精肉店 shihlin,4.3,9,台北市士林區文林路167號2樓,228810121,150,日本料理晚餐午餐
RSN_000056,雙月食品社,4.3,199,臺北市中正區青島東路6之2號,233938953,250,小吃晚餐
RSN_000057,阿義魯肉飯,4,15,台北市萬華區華西街觀光夜市攤號151號,979773168,50,小吃
RSN_000058,神來一鍋,4.6,8,臺北市內湖區文德路30號,226589987,582,火鍋宵夜精緻高級約會餐廳
RSN_000059,辣椒先生-川味麻辣燙,4.8,2,臺北市文山區景華街78號,983602613,890,小吃宵夜晚餐
RSN_000060,鍋&Bar精緻鍋物餐酒館 微風復興店,5,5,臺北市松山區復興南路一段39號G樓66櫃,287722362,700,火鍋精緻高級約會餐廳晚餐
RSN_000061,貝克宅 Roasting House - Beckhome Roasting House,4.2,13,臺北市中山區南京東路三段89巷5弄4號,225176722,200,咖啡甜點早午餐
RSN_000062,城中市場老牌牛肉拉麵大王,4.3,23,臺北市中正區重慶南路一段46巷7號,223815604,140,小吃牛肉麵晚餐
RSN_000063,全統西點麵包-天母東路店,4.3,1,臺北市士林區天母東路36之4號,228711041,230,甜點蛋糕下午茶
RSN_000064,Kakigori Toshihiko,4.3,18,台北市中正區金門街2-2號,228711042,870,日本料理甜點冰品飲料
RSN_000065,天母國賓經典川粵菜,4.1,4,臺北市士林區中山北路六段88號B1樓,228312729,470,中式料理合菜晚餐午餐
RSN_000066,煇煌川菜小館,3.9,2,臺北市中正區延平南路166號,223817448,870,中式料理合菜晚餐午餐
RSN_000067,老山東牛肉麵,3.9,15,臺北市萬華區西寧南路70號,223891216,140,小吃牛肉麵晚餐午餐
RSN_000068,春桃手作厚工甜品,4.6,1,臺北市萬華區永福街56號,223891216,150,甜點
RSN_000069,吉利街無名小籠包,4.2,5,臺北市北投區吉利街166號,933200806,170,小吃早餐
RSN_000070,京旺料亭,4.9,3,臺北市士林區士東路336號1樓,228385689,600,火鍋精緻高級約會餐廳
RSN_000071,鴨寨夫人,4.7,1,臺北市北投區中央北路四段533號,908389381,500,小吃晚餐午餐
RSN_000072,Ulove羽樂歐陸創意料理,4.7,36,臺北市松山區南京東路四段162號,225782656,1000,義式料理餐酒館/酒吧約會餐廳
RSN_000073,幸和殿日式手作料理,4.5,11,臺北市內湖區內湖路一段285巷65弄24號,287519785,500,日本料理約會餐廳精緻高級晚餐
RSN_000074,星海食事所,4.6,1,臺北市大安區延吉街68之36號1樓,287726930,600,日本料理晚餐
RSN_000075,ONE GOOD烤肉飯,4.5,1,臺北市松山區光復南路17巷34號1樓,227623209,200,晚餐午餐
RSN_000076,詹記麻辣火鍋 敦南店,4.4,14,臺北市大安區和平東路三段60號,223777799,800,火鍋宵夜晚餐
RSN_000077,Chinese Whispers悄悄話餐酒館,4.3,64,臺北市大安區仁愛路四段345巷2弄11號,227783988,500,義式料理牛排
RSN_000078,台一牛奶大王,4.1,42,臺北市大安區新生南路三段82號,223634341,70,甜點小吃冰品飲料宵夜
RSN_000079,東京巴黎甜點 南京店,4.7,5,台北市中山區南京東路二段25號,225210058,180,甜點下午茶
RSN_000080,Mosun 墨賞新鐵板料理餐廳,4.3,61,臺北市大安區忠孝東路四段155號2樓,227319966,1680,精緻高級約會餐廳晚餐午餐
RSN_000081,格萊天漾大飯店 Great Skyview,4.1,2,臺北市萬華區艋舺大道101號,223383366,1100,中式料理合菜晚餐午餐
RSN_000082,13號麵線,4.1,1,臺北市南港區中坡南路13號,979858867,85,小吃晚餐午餐
RSN_000083,Shawn Coffee,4.5,5,台北市松山區新中街8巷16號,237621020,140,咖啡下午茶
RSN_000084,半嶺桶仔雞,4.2,2,臺北市北投區紗帽路40之17號,228621192,350,晚餐午餐
RSN_000085,幸運角咖啡,4.6,2,臺北市信義區吳興街345巷4號,227226818,300,咖啡甜點
RSN_000086,Hush Taipei 餐酒館,4.9,3,臺北市大安區市民大道四段34號,227789069,1500,精緻高級義式料理餐酒館/酒吧約會餐廳
RSN_000087,天喜迷你小火鍋,3.8,34,臺北市大同區南京西路306號,225586781,220,火鍋晚餐午餐
RSN_000088,QUICHEZ派出所,4.6,6,台北市大安區溫州街74巷14號,985347011,170,早午餐晚餐午餐
RSN_000089,街口6號珈啡 Street No.6,4.5,2,臺北市萬華區貴陽街二段6號,223112252,350,甜點
RSN_000090,銀座越南餐館,4.2,7,臺北市中正區羅斯福路三段286巷4弄6號,223691733,160,晚餐午餐
RSN_000091,獨特牛排館,4.7,7,臺北市文山區景美街92號,229307729,390,牛排晚餐午餐
RSN_000092,府香蒸臭豆腐,4.6,3,臺北市中山區民生東路三段41之1號,225048319,100,晚餐午餐
RSN_000093,Muzeo Gastronomy&Draft,4.4,1,臺北市大安區忠孝東路四段170巷6弄14號,227525299,3000,精緻高級餐酒館/酒吧晚餐
RSN_000094,銀座杏子日式豬排-信義威秀店,4.1,2,臺北市信義區松壽路20號2樓,227223188,467,日本料理晚餐午餐
RSN_000095,黑老闆胡椒餅,4.4,1,臺北市士林區基河路1號,983817444,770,小吃宵夜晚餐
RSN_000096,小丁豆漿,4.1,7,臺北市北投區明德路172號,228280007,340,小吃早餐
RSN_000097,Closet Restaurant & Bar,4.5,28,台北市大安區忠孝東路四段101巷15號,227317919,500,義式料理甜點精緻高級
RSN_000098,星乃珈琲店,3.3,4,臺北市中山區南京西路12號,227317912,400,咖啡甜點下午茶
RSN_000099,雞湯大叔 忠孝店,4.5,12,臺北市大安區光復南路200巷9號,227754408,330,火鍋精緻高級約會餐廳
RSN_000100,竹苑shabu,4.7,14,台北市大安區大安路一段31巷31號,227713377,1200,火鍋合菜約會餐廳精緻高級
RSN_000101,川渝小吃坊,4.4,20,台北市大同區南京西路18巷6弄8之1號,225599101,250,小吃中式料理合菜晚餐
RSN_000102,小憩睡眠咖啡館,4.8,4,台北市中山區長春路182-1號,225153220,400,咖啡
RSN_000103,Meat Love橡木炭火韓國烤肉 美麗華店,3.8,1,臺北市中山區敬業三路20號5樓,285011027,600,韓式料理晚餐午餐
RSN_000104,黃家香腸,4.6,26,臺北市中正區泉州街32之3號,223097428,30,小吃下午茶
RSN_000105,東門赤肉羹,4.5,15,臺北市中正區臨沂街56號,932139491,80,小吃早餐午餐
RSN_000106,七見櫻堂巧克力甜點專賣店,4.3,21,臺北市大安區泰順街28號,233652252,300,甜點蛋糕下午茶
RSN_000107,天外天精製無煙燒肉,4.1,15,臺北市中山區民權東路一段67號,225923400,680,火鍋精緻高級約會餐廳
RSN_000108,友達居酒屋,4.4,20,臺北市大安區延吉街131巷33號,227780525,1200,日本料理燒烤約會餐廳精緻高級
RSN_000109,Hugdayday 烈奶茶,4.6,6,臺北市信義區基隆路一段165號,237652909,50,精緻高級約會餐廳冰品飲料下午茶
RSN_000110,瓦崎燒烤火鍋 敦南店,3.5,29,臺北市大安區敦化南路一段160巷60號,227525099,899,火鍋約會餐廳精緻高級宵夜
RSN_000111,T.G.I.Fridays,4,5,臺北市中山區敬業三路22號2F,221753358,600,美式料理宵夜晚餐午餐
RSN_000112,老舅的家鄉味,3.8,13,臺北市松山區復興北路307號,227181122,600,火鍋精緻高級約會餐廳
RSN_000113,京東燒肉專門店忠孝店,4.2,12,臺北市大安區忠孝東路四段216巷8弄10號,287738818,2000,燒烤精緻高級約會餐廳晚餐
RSN_000114,小丘chiu,4.5,8,臺北市大安區泰順街40巷2號,958030814,180,咖哩甜點冰品飲料
RSN_000115,大象吸花生 Elepeanut.8,4.8,2,臺北市中山區農安街2巷18之23號晴光市場,225951708,60,冰品飲料
RSN_000116,喬喜蛋炒飯專賣店,3.9,7,臺北市中正區臨沂街3巷7號,223963554,100,小吃晚餐午餐
RSN_000117,Gonna 共樂遊食．旅．生活,4.5,14,臺北市內湖區石潭路145號,287939663,400,咖啡早午餐義式料理約會餐廳
RSN_000118,羅本家咖哩,4.7,6,臺北市大同區長安西路138巷3弄2號,902198712,680,咖哩晚餐午餐
RSN_000119,曜日義式餐酒館,4.5,34,台北市大安區東豐街53號1樓,227085910,500,義式料理餐酒館/酒吧約會餐廳精緻高級
RSN_000120,不老麻鍋物,4.5,9,臺北市中山區長安東路二段33號,225682100,380,火鍋晚餐午餐
RSN_000121,OTIS Caf'e,4.5,5,臺北市士林區美德街104號,228319191,200,咖啡咖哩下午茶
RSN_000122,愛麗絲咖啡廳,4.1,1,臺北市信義區信義路六段9號,227272609,300,咖啡早午餐義式料理
RSN_000123,興蓬萊台菜海鮮餐廳,4.2,11,台北市士林區中山北路七段55號,228771168,500,中式料理合菜晚餐午餐
RSN_000124,Café del SOL,4.2,17,臺北市信義區忠孝東路五段68號2F,227228260,500,甜點早午餐義式料理下午茶
RSN_000125,三三活力早餐店,4.2,37,臺北市文山區木新路三段122號,222345728,100,早午餐小吃早餐
RSN_000126,午甘單brunch,4.8,5,臺北市大安區通安街7號1樓,227013561,350,早午餐午餐
RSN_000127,創作串燒-野崎,4.7,1,臺北市大安區忠孝東路四段216巷33弄19號1樓,227790335,450,日本料理宵夜居酒屋晚餐
RSN_000128,故意good eat海鮮鍋物,4,9,臺北市大安區復興南路一段107巷5弄13號,227783353,890,火鍋晚餐
RSN_000129,森小館,5,1,台北市信義區忠孝東路四段559巷18號,227632246,100,中式料理合菜
RSN_000130,肉老大 頂級肉品涮涮鍋 錦西店,4.7,33,臺北市中山區錦西街11號,225361777,350,火鍋宵夜晚餐午餐
RSN_000131,Saturn Landing Turkish Coffee,4.8,7,臺北市大安區四維路154巷23號,227555108,500,咖啡約會餐廳精緻高級
RSN_000132,士林生炒羊肉,3.7,26,臺北市士林區大東路21之3號,288613476,170,小吃晚餐
RSN_000133,Suki-Ya すき屋 壽喜屋,2.9,15,臺北市信義區松壽路12號5樓,277373996,498,火鍋晚餐午餐
RSN_000134,林東芳牛肉麵,3.8,98,臺北市中山區安東街4之3號,227522556,160,小吃合菜宵夜牛肉麵
RSN_000135,花甜果室,3.9,115,台北市大安區敦化南路一段160巷40號,227110234,120,甜點冰品飲料
RSN_000136,Stoppage Time 補時,4.5,53,臺北市大安區和平東路二段96巷15弄30號,227366506,350,咖啡甜點蛋糕早午餐
RSN_000137,蘇阿姨比薩屋,4.1,95,臺北市大安區光復南路300號,227402328,350,義式料理晚餐午餐
RSN_000138,辣中間,4,4,臺北市中山區樂群三路39號,285025665,500,火鍋晚餐午餐
RSN_000139,沒事早事坐,4.2,25,臺北市中山區新生北路二段68巷26號,225412001,100,早午餐美式料理早餐
RSN_000140,L.A PHO越南河粉,4.1,12,臺北市信義區松壽路30號,227228770,350,美式料理晚餐午餐
RSN_000141,小蒙牛頂級麻辣養生鍋,4.1,6,臺北市中正區漢口街一段3號2樓,223118333,769,火鍋晚餐午餐
RSN_000142,生活在他方 elsewhere cafe,4.5,90,臺北市中正區羅斯福路一段119巷3號,233932018,150,甜點咖啡早午餐蛋糕
RSN_000143,為福樓(信義店),4,1,臺北市大安區信義路四段199巷4號,227084242,600,火鍋合菜晚餐午餐
RSN_000144,烏石水產火鍋超市(烤)-三創店,4.6,5,臺北市中正區市民大道三段2號9樓,223511268,399,火鍋晚餐午餐
RSN_000145,餵我早餐,3.8,42,臺北市大安區建國南路二段11巷28之1號,227003658,350,早午餐美式料理約會餐廳精緻高級
RSN_000146,饞哭了煎餅果子,4.3,6,臺北市松山區南京東路四段133巷8弄1號,908885252,60,小吃晚餐午餐
RSN_000147,韓華園,4.1,13,臺北市中山區民權東路三段47號1樓,225065706,420,韓式料理晚餐午餐
RSN_000148,PAULIE'S PIZZA 波利斯美式窯烤披薩,4.5,1,臺北市松山區慶城街1號4樓,225458123,300,義式料理晚餐午餐
RSN_000149,世界的山將,3.9,26,台北市信義區忠孝東路五段15巷10號1樓,227651701,600,日本料理約會餐廳居酒屋宵夜
RSN_000150,忻殿堂,4.8,39,臺北市大安區敦化南路一段160巷12號,287713936,600,火鍋合菜精緻高級
RSN_000151,初COFFEE&PASTA,5,1,臺北市大同區華陰街94號2樓,225502330,200,義式料理早午餐晚餐午餐
RSN_000152,窩巷弄,4.1,93,臺北市中正區羅斯福路四段78巷1弄11號,223630313,300,義式料理早午餐精緻高級約會餐廳
RSN_000153,屋頂上的貓 私廚,4.5,24,臺北市信義區逸仙路32巷9號,961173451,1800,日本料理精緻高級約會餐廳午餐
RSN_000154,熹正園東北精緻麵食,4.1,2,臺北市內湖區文德路19號,226572766,2300,精緻高級約會餐廳晚餐午餐
RSN_000155,佐樂壽司,4.4,40,臺北市大安區大安路一段192號,227048200,3500,日本料理約會餐廳精緻高級
RSN_000156,稲町家香料咖哩,4.9,8,臺北市中山區中山北路二段42巷20號,225622050,280,咖哩
RSN_000157,海石三,4.3,6,臺北市中山區民生東路二段146號,911162226,100,早午餐美式料理早餐
RSN_000158,巧哚洋房餐飲坊,4.8,10,臺北市大安區仁愛路四段345巷5弄17號,227783347,1000,義式料理約會餐廳精緻高級晚餐
RSN_000159,古早味豆花,4.2,12,臺北市大同區民生西路210號,225581800,50,甜點冰品飲料小吃宵夜
RSN_000160,Schumann's Bistro No. 6 南京店,5,1,臺北市松山區南京東路三段303巷8弄11號,227188108,400,早午餐精緻高級約會餐廳
RSN_000161,四鄉五島馬祖麵店,3.8,28,臺北市中山區遼寧街7號,227715406,100,小吃宵夜晚餐
RSN_000162,海天香餃,4,16,臺北市萬華區和平西路三段168號,223062385,85,晚餐午餐
RSN_000163,義術家 義大利麵、buffet吃到飽,3.7,11,臺北市大安區光復南路280巷42號,227118007,320,義式料理韓式料理下午茶
RSN_000164,星野肉肉鍋,4.2,2,台北市中正區忠孝西路一段66號B1,227118005,290,火鍋
RSN_000165,WAT Bar,4.2,1,台北市信義區信義路五段16號1樓,227205161,430,餐酒館/酒吧約會餐廳
RSN_000166,微風建一食堂,4.1,86,臺北市中山區八德路二段300巷10號,287722178,2500,日本料理精緻高級約會餐廳
RSN_000167,鳥心 (原 染乃井),4.3,39,臺北市中山區南京東路一段31巷6號1樓,225215860,300,日本料理燒烤約會餐廳精緻高級
RSN_000168,108抹茶茶廊 Matcha Saro,4.1,94,台北市大同區承德路一段1號B3F,225555785,45,甜點蛋糕冰品飲料
RSN_000169,秋紅肚房,4.6,4,臺北市中正區汀州路三段230巷43號,225555785,120,小吃午餐
RSN_000170,Drunk Cafe爛醉咖啡,3.9,37,臺北市大安區光復南路116巷9號,227318787,700,咖啡精緻高級約會餐廳
RSN_000171,川夜宴無二火鍋樓,4.4,10,臺北市中山區松江路301號2樓,225168550,695,火鍋合菜晚餐午餐
RSN_000172,第一土鵝,4.1,9,臺北市大同區酒泉街54之1號,225932844,100,小吃晚餐
RSN_000173,怡客咖啡 士林店,3.7,2,臺北市士林區中正路231號,228805920,300,咖啡早餐
RSN_000174,ELEFUN café 艾楽咖啡,4.7,2,臺北市信義區基隆路二段39巷4號,227322678,100,咖啡
RSN_000175,沐田No.2-1涮涮工廠,4.6,12,臺北市大同區南京西路25巷2之1號2、103,225598389,500,火鍋晚餐
RSN_000176,好客燒烤 信義店,4.2,71,臺北市信義區基隆路一段163號,227655859,858,燒烤精緻高級約會餐廳
RSN_000177,燒桶子韓風立燒,4.4,45,臺北市大安區延吉街99號,227219192,600,韓式料理燒烤約會餐廳宵夜
RSN_000178,スシロー壽司郎 台灣旗艦店,3.9,63,臺北市中正區館前路8號2樓,223612638,400,日本料理晚餐午餐
RSN_000179,微風松高,4.1,1,臺北市信義區松高路16號,266369959,300,日本料理居酒屋晚餐午餐
RSN_000180,呷咪,4.2,4,臺北市大安區市民大道四段179號1樓,225772771,100,小吃宵夜牛肉麵晚餐
RSN_000181,魯蛋茶酒館,4.5,2,臺北市大同區迪化街一段333號,225536111,700,宵夜餐酒館/酒吧約會餐廳晚餐
RSN_000182,一期一會（鮨),4.5,28,臺北市松山區長春路438號,287706220,1200,日本料理精緻高級約會餐廳
RSN_000183,山頭火拉麵,3.8,31,臺北市大安區忠孝東路三段300號B2樓,227317533,250,拉麵日本料理晚餐午餐
RSN_000184,激屋居酒屋,4.6,6,臺北市中山區林森北路119巷77號,225319210,1000,日本料理宵夜居酒屋
RSN_000185,初の鮨,4.4,1,台北市信義區莊敬路409號1樓,227206619,1000,日本料理晚餐午餐
RSN_000186,森蘭夜食小酒居,4.9,5,臺北市中山區民權東路一段12巷15號1樓,900670178,600,日本料理宵夜居酒屋晚餐
RSN_000187,鍋&Bar精緻鍋物餐酒館,4.9,5,臺北市大安區敦化南路一段270巷21號1樓,227718581,680,火鍋宵夜
RSN_000188,稻香石磨腸粉,4.1,23,臺北市中山區松江路330巷36之3號,972229309,100,港式料理小吃晚餐午餐
RSN_000189,齊民市集火鍋,4.1,10,臺北市大安區信義路二段158號2樓,223279824,300,火鍋晚餐午餐
RSN_000190,牛肆,4.7,9,臺北市中山區吉林路422號,905080026,800,火鍋晚餐
RSN_000191,大直粥品,4,12,臺北市中山區北安路567號,225336653,75,小吃晚餐午餐
RSN_000192,太興茶餐廳 台北店,2.8,18,台北市中正區北平西路3號2F,223816786,420,港式料理下午茶
RSN_000193,天外天精緻麻辣火鍋,4,2,臺北市中山區民權東路二段1號,225963200,870,火鍋精緻高級
RSN_000194,果然文創,4.7,3,臺北市大同區哈密街59巷38弄19號,225912952,280,下午茶午餐
RSN_000195,某某甜點 Quelques Pâtisseries,4.4,40,台北市大安區安和路一段102巷23號,227554097,250,甜點精緻高級約會餐廳蛋糕
RSN_000196,滿穗台菜,4.3,14,臺北市中山區松江路128號,225412020,600,中式料理約會餐廳精緻高級合菜
RSN_000197,麵屋壹慶,4.6,8,臺北市中山區雙城街32巷2號,225412021,240,拉麵日本料理晚餐
RSN_000198,BLAnC 中山,4.6,5,臺北市中山區中山北路二段36巷7號2樓,225681758,500,咖啡早午餐義式料理
RSN_000199,陳陽鵝肉大王,4,8,臺北市大安區大安路31巷8號1樓,227755252,290,小吃晚餐午餐
RSN_000200,台北香格里拉遠東國際大飯店,4.3,8,台北市大安區敦化南路二段210號6,223788888,580,日本料理宵夜下午茶晚餐
RSN_000201,公雞咖啡,3.8,40,臺北市大同區南京西路25巷20之5號,982081464,290,咖啡早午餐
RSN_000202,月夜岩 蟹懷石,4.6,9,臺北市中山區雙城街25巷9號1樓,225859221,5400,日本料理精緻高級約會餐廳晚餐
RSN_000203,Nargis 納吉司台北概念茶館,5,1,臺北市中山區民生東路二段127巷10號,225642521,130,精緻高級約會餐廳
RSN_000204,矮仔財滷肉飯,4,53,臺北市北投區新市街30號,932386789,55,小吃早午餐早餐
RSN_000205,北極光創意料理,3.6,5,臺北市士林區中正路208號,228367755,250,義式料理晚餐午餐
RSN_000206,Smith & Wollensky 牛排館,4.2,12,臺北市信義區松智路17號47樓,223455647,3300,牛排精緻高級約會餐廳宵夜
RSN_000207,貳房苑 Livingreen,4.1,9,臺北市大安區潮州街76號,223912866,200,甜點下午茶
RSN_000208,Shishlik Pita x Kebab 西西里克中東串燒（餐館店）,4.4,5,臺北市中正區羅斯福路四段138號2樓,223681600,400,日本料理約會餐廳居酒屋
RSN_000209,老鼎旺功夫銷魂麵鋪-新光南西店,3.2,8,臺北市中山區南京西路15號,225681155,70,晚餐午餐
RSN_000210,A.K.12美式小館,4.2,46,臺北市萬華區峨嵋街12號2樓,223610136,280,美式料理早午餐約會餐廳義式料理
RSN_000211,鍋媽媽,3.9,42,臺北市中山區天祥路6號,225314598,550,火鍋晚餐午餐
RSN_000212,蓮飲料吧,4.3,1,臺北市大同區寧夏路001攤位,931169090,270,宵夜小吃
RSN_000213,WHY NOT?CURRY,4.9,4,臺北市大安區通化街101巷2號,903206943,2000,咖哩晚餐午餐
RSN_000214,米匠Mi Jian,4.6,4,臺北市中山區中山北路1段140巷3號,906131888,1200,日本料理早餐晚餐午餐
RSN_000215,地中海牛排館 歐華酒店,4.4,76,臺北市中山區林森北路646號,225853258,2500,精緻高級約會餐廳牛排餐酒館/酒吧
RSN_000216,大師兄銷魂麵舖,3.6,53,臺北市中山區中山北路二段42巷36號,225235700,250,小吃牛肉麵晚餐午餐
RSN_000217,不一樣饅頭店,4,2,臺北市大安區金山南路二段149號,223917829,100,小吃午餐
RSN_000218,阿母的店,4.4,6,臺北市大安區樂業街146號,227320751,200,小吃晚餐午餐
RSN_000219,沐樺涮涮鍋,4.1,18,臺北市松山區三民路110巷4號,227600985,600,火鍋精緻高級約會餐廳晚餐
RSN_000220,當歸香當歸豬腳,4.3,6,臺北市萬華區華西街131號,223046147,399,小吃晚餐午餐
RSN_000221,願有記,4.4,8,台北市大安區復興南路二段340巷7號1樓,287328282,70,港式料理合菜晚餐午餐
RSN_000222,火鍋106-粵式豬肚雞煲鍋光復店,4.4,7,臺北市大安區光復南路240巷5號,227216008,800,火鍋中式料理合菜晚餐
RSN_000223,十二粵,4,8,臺北市信義區信義路五段7號4樓,281018298,700,中式料理港式料理合菜下午茶
RSN_000224,崧割烹,4.9,2,台北市士林區福華路157巷5號,228330057,1500,日本料理精緻高級約會餐廳晚餐
RSN_000225,山男,4.7,3,臺北市大安區光復南路260巷34號一樓,227780978,550,日本料理宵夜居酒屋晚餐
RSN_000226,大村武串燒居酒屋-忠孝店(梅酒專門),5,1,臺北市大安區忠孝東路四段223巷52號,227118883,420,日本料理宵夜居酒屋晚餐
RSN_000227,雷咖哩 Les Currys,4.7,3,臺北市大安區復興南路二段160巷11號1樓,227004175,200,咖哩晚餐
RSN_000228,DOTEL Coffice Ximen 西門町手沖咖啡館,4.8,1,臺北市萬華區雅江街2號,223711225,130,小吃
RSN_000229,Le Park Cafe公園咖啡館,4.4,30,臺北市中山區遼寧街146號,227198880,400,咖啡甜點下午茶
RSN_000230,元食cafe,4.8,13,臺北市信義區逸仙路42巷17號,287898953,1440,牛排精緻高級約會餐廳下午茶
RSN_000231,天然臺湘菜館,3.9,7,臺北市中正區羅斯福路一段61號,223911831,500,小吃晚餐午餐
RSN_000232,鼎旺麻辣鍋-2店,4.3,4,台北市大安區大安路一段229號,227044172,600,火鍋晚餐
RSN_000233,慶城海南雞飯,4.3,170,臺北市松山區慶城街16巷8號,287121200,115,小吃精緻高級約會餐廳
RSN_000234,GUMGUM Beer & Wings 餐酒,4.6,63,臺北市信義區光復南路473巷11弄38號,227585987,1000,義式料理美式料理精緻高級
RSN_000235,福天下-福州料理私房菜,4.4,17,臺北市大安區敦化南路一段232巷8號,287722729,500,小吃晚餐午餐
RSN_000236,米屋珈琲 Miuya Cafe,4.1,45,臺北市大安區文昌街49號,227067067,300,咖啡美式料理甜點
RSN_000237,頤宮中餐廳 君品酒店,4.5,30,臺北市大同區承德路一段3號17樓,221819950,1800,中式料理港式料理合菜約會餐廳
RSN_000238,瀧厚鍋物-火鍋 敦北店,4.4,13,臺北市松山區民生東路四段56巷1弄1號,227188805,600,火鍋約會餐廳晚餐
RSN_000239,ABCD . A Better Coffee & Doughnut,4.6,6,臺北市大同區南京西路18巷4弄8號,225580678,190,咖啡甜點下午茶
RSN_000240,浪浪別哭,4.6,27,臺北市中正區林森北路9巷13號,223560766,300,咖啡
RSN_000241,三兄弟韓式碳烤,4.2,4,臺北市中山區農安街233號,225013040,699,韓式料理晚餐午餐
RSN_000242,樂崎火鍋-萬華店,4.5,2,臺北市萬華區東園街68號,223010621,300,火鍋晚餐午餐
RSN_000243,賴桑香腸,4.4,10,臺北市文山區木柵路五段18號,935815168,440,小吃燒烤晚餐午餐
RSN_000244,法國廚師的甜點,4.8,2,臺北市松山區延壽街89號,936811888,230,甜點
RSN_000245,滷肉控,4.2,14,臺北市信義區逸仙路42巷11號,227580072,178,小吃合菜約會餐廳下午茶
RSN_000246,Buckskin Yakiniku 柏克金燒肉屋,4,7,臺北市中山區南京東路二段1號2樓,225210882,500,燒烤約會餐廳精緻高級
RSN_000247,光司DATE,4.4,1,臺北市大安區信義路四段60之1號,970521201,900,義式料理晚餐午餐
RSN_000248,水礦Restaurant & Cafe,4.6,9,臺北市大安區大安路一段19巷4號,908790805,300,咖啡義式料理甜點
RSN_000249,江偉銓是小鮮肉包,5,0,臺北市大安區大安路一段19巷5號,908787077,8700,小吃
RSN_000250,洪爺麻辣鴛鴦鍋 復興店,4.8,2,臺北市大安區復興南路二段144之3號,227077577,600,火鍋宵夜晚餐
RSN_000251,"怪獸炸雞公司-台北信義店 Monster Fried Chicken, Inc.",4.9,1,臺北市信義區松山路541巷14弄1號,970777107,140,美式料理宵夜晚餐
RSN_000252,正饌素食,4.4,1,臺北市中山區遼寧街152號,225175138,125,素食小吃午餐
RSN_000253,PIZZERIA OGGI 天母店,4.4,34,臺北市士林區德行西路19號,228343886,330,義式料理精緻高級約會餐廳
RSN_000254,老師好羊肉爐,4.5,2,臺北市大安區光復南路446號No,227030927,500,小吃火鍋合菜
RSN_000255,吉可頌丹麥專門店,4.7,9,臺北市大安區安和路二段35巷5號,223250324,200,甜點下午茶
RSN_000256,松薇食品有限公司PINE&ROSE,4.7,22,台北市大安區麗水街28-1號,223569938,180,甜點日本料理約會餐廳精緻高級
RSN_000257,Wildwood Live Fire Cuisine,4,12,臺北市信義區松壽路9號,227228886,240,燒烤精緻高級約會餐廳
RSN_000258,Hi-Q褐藻生活館x鱻食,4.6,20,臺北市松山區八德路四段123之1號1樓,227470028,300,火鍋咖啡日本料理
RSN_000259,蘑菇咖啡,4.1,25,臺北市大同區南京西路25巷18之1號2樓,225525552,300,咖啡甜點下午茶
RSN_000260,大直典華,3.8,20,臺北市中山區植福路8號,285025555,499,中式料理燒烤合菜約會餐廳
RSN_000261,勝鮨 日本料理,4.5,4,臺北市中山區興安街47號,225172073,880,日本料理晚餐午餐
RSN_000262,烤師傅,4,33,臺北市信義區永吉路30巷151弄2之1號,227466632,99,小吃港式料理日本料理燒烤
RSN_000263,呷七碗 台北永康店,4.5,16,臺北市大安區永康街13巷1號B1,277448979,300,小吃日本料理牛肉麵晚餐
RSN_000264,Soban小班韓式料理,3.8,18,台北市大安區延吉街131巷3號1樓,227218252,500,韓式料理晚餐午餐
RSN_000265,Caffe’ Rue 路口加啡,4.5,11,台北市士林區中山北路6段35巷2號1樓,288666967,190,咖啡早午餐約會餐廳精緻高級
RSN_000266,米食林 Ms.Lin Cafe—松山網美餐廳|必吃甜點|下午茶|咖啡店|早午餐|美食推薦,5,1,臺北市松山區南京東路五段59巷30弄8號1樓,227615862,350,咖啡早午餐下午茶
RSN_000267,鯉魚 The Carp,4.3,9,臺北市大同區迪化街一段169號,225577660,300,中式料理合菜精緻高級約會餐廳
RSN_000268,幸福肥計劃咖啡店,5,2,臺北市南港區園區街6之7號,227830602,450,咖啡甜點
RSN_000269,大王麻辣乾麵 KingSpicy,3.9,6,臺北市信義區吳興街118巷25弄12號,227369797,80,小吃晚餐午餐
RSN_000270,Russell Restaurant,4.4,6,臺北市士林區國泰街9號,228626617,1000,精緻高級約會餐廳下午茶晚餐
RSN_000271,台南滷三塊,4.2,57,臺北市北投區承德路七段100號,228289388,100,小吃宵夜晚餐
RSN_000272,斯泊町Sparkling氣泡飲專賣,5,1,臺北市中山區松江路297巷12號1樓,225031516,200,冰品飲料
RSN_000273,味鼎蛋餅,4.1,25,臺北市中山區龍江路21巷3號,227723685,120,小吃早午餐早餐
RSN_000274,漁陶屋,3.8,9,臺北市大同區承德路三段206之1號,225856383,450,日本料理晚餐午餐
RSN_000275,小象廚房yumyum,4.4,2,臺北市大同區重慶北路三段278號,906058066,120,早午餐早餐午餐
RSN_000276,銅盤嚴選韓式烤肉,3.7,10,臺北市信義區忠孝東路五段8號,223452788,450,韓式料理晚餐午餐
RSN_000277,朝鑫壽司 (朝日壽司),4.7,26,臺北市中正區羅斯福路三段84巷2號,223651595,310,日本料理晚餐
RSN_000278,好記擔仔麵,4.1,23,臺北市中山區吉林路79號,225215999,450,中式料理合菜宵夜
RSN_000279,穿越九千公里交給你,4.1,57,台北市松山區民權東路三段160巷19弄16號,972299822,300,甜點約會餐廳精緻高級
RSN_000280,林家蔬菜羊肉爐,4.2,22,臺北市中山區吉林路327號,225925174,700,小吃火鍋宵夜晚餐
RSN_000281,become 早午餐,4.2,5,台北市大安區信義路四段30巷50弄3號,227008200,430,早午餐咖啡素食
RSN_000282,Ikinari Steak,4.1,28,台北市南港區忠孝東路7段369號B棟1樓,227820087,700,牛排精緻高級約會餐廳
RSN_000283,MISO東京風日本料理,3.9,10,臺北市大同區承德路一段1號4樓,225583056,500,日本料理晚餐
RSN_000284,上吉燒肉,4.9,18,臺北市大安區延吉街131巷41號,287725765,1000,燒烤精緻高級約會餐廳晚餐
RSN_000285,窩窩wooo,4.2,7,臺北市大同區民生西路404號,225552056,120,港式料理咖啡早午餐
RSN_000286,饒河夜市,4.2,21,臺北市松山區八德路四段,227635733,50,小吃
RSN_000287,Hërs biströ她/的餐酒,4.1,9,臺北市信義區忠孝東路四段553巷22弄4號,227469892,280,甜點小吃約會餐廳精緻高級
RSN_000288,私廚房 Snuggles Kitchen,4.6,6,臺北市士林區天母東路8巷21號之6號,916682230,125,素食下午茶午餐
RSN_000289,Ratio Coffee,4.5,18,臺北市南港區富康街5號,227660138,330,甜點蛋糕
RSN_000290,幸福的一天 happiness day,4.6,10,臺北市松山區光復北路11巷91號,227472047,220,早午餐下午茶午餐
RSN_000291,Little Sprout 小初芽,4.2,7,台北市內湖區金湖路57號,227949094,500,約會餐廳美式料理早午餐下午茶
RSN_000292,LILI KOKO Coffee,4.7,12,臺北市士林區延平北路八段2巷200弄101號,976941120,300,咖啡甜點下午茶
RSN_000293,肉多多火鍋,4.4,6,臺北市信義區忠孝東路五段783號,287851138,299,火鍋宵夜晚餐午餐
RSN_000294,陳鐵心,3.8,4,臺北市大安區仁愛路四段266巷15弄6號1樓,227030039,135,小吃晚餐午餐
RSN_000295,石石香拌,3.4,8,台北市大安區北平西路3號2樓,223145256,249,甜點
RSN_000296,Mr.雪腐 公館店,4.6,30,臺北市中正區羅斯福路三段244巷21號,223635200,80,甜點冰品飲料
RSN_000297,阿毛石鍋燉飯,3,9,臺北市萬華區武昌街二段48之1號,223888098,250,義式料理晚餐午餐
RSN_000298,妙口肉包四神湯,4.1,10,台北市大同區迪化街一段120號,910782007,80,小吃午餐
RSN_000299,葉家肉粥,4.2,15,臺北市大同區保安街49巷17號,916836699,130,小吃午餐
RSN_000300,江偉銓之炸雞腿大師,1,0,臺北市大同區保安街49巷18號,916836700,8000,小吃
RSN_000301,H雞腿大師,4.3,17,臺北市大同區保安街49巷17號前,928880015,60,小吃午餐
RSN_000302,許仔豬腳麵線,4.3,13,臺北市大同區保安街49巷17號,225534364,100,小吃午餐
RSN_000303,どん亭 Don Tei,4.2,19,台北市中山區中山北路一段152號2樓,225815997,1000,火鍋精緻高級約會餐廳晚餐
RSN_000304,Vic's Dessert Boutique | 維克甜品,5,2,臺北市中山區中山北路二段27巷7之1號,225815992,400,甜點下午茶
RSN_000305,本家長壽村,4.3,1,臺北市大安區仁愛路四段266巷8弄2號,227094491,590,韓式料理晚餐午餐
RSN_000306,大河屋 燒肉丼 串燒-統一時代店,4.5,1,臺北市信義區忠孝東路五段8號B2,227293778,230,日本料理居酒屋晚餐午餐
RSN_000307,Flügel studio,4.4,42,臺北市大安區辛亥路一段34巷3號,965856588,300,甜點蛋糕約會餐廳精緻高級
RSN_000308,GB鮮釀餐廳 GORDON BIERSCH,4.2,26,臺北市信義區松壽路11號,287867588,880,美式料理約會餐廳精緻高級
RSN_000309,秀食屋Shows House 關東煮專賣店,4.7,4,臺北市中正區汀州路三段227號,985889361,100,日本料理晚餐午餐
RSN_000310,來碗Laksa,4.2,15,臺北市中正區濟南路二段60之5號,223587165,150,小吃精緻高級約會餐廳
RSN_000311,阿男麻油雞,4.3,21,台北市中正區中華路二段311巷320號,955572506,150,小吃宵夜晚餐
RSN_000312,感恩麵食,4.3,9,臺北市士林區光華路26巷2弄4號,228617994,100,宵夜小吃晚餐午餐
RSN_000313,老鐵們炭火三明治,4.3,3,臺北市大安區通化街39巷43號,937891115,150,早餐午餐
RSN_000314,林家牛肉麵,4.2,20,臺北市信義區吳興街281巷9號,922163609,200,小吃牛肉麵晚餐午餐
RSN_000315,222 雞蛋糕,4.2,5,臺北市大安區復興南路二段368號,922163639,200,甜點下午茶
RSN_000316,Sweet Tooth,4.1,12,臺北市信義區光復南路421巷9號,227589488,190,蛋糕甜點下午茶
RSN_000317,HIVE 巢 • 餐廳,4.6,10,臺北市信義區逸仙路42巷19號,287860020,350,早午餐精緻高級約會餐廳
RSN_000318,黃亞細肉骨茶 台北三越南西店,4.1,8,臺北市中山區南京西路12號5樓,225215777,265,精緻高級約會餐廳
RSN_000319,台灣松屋台北西門町店,3,1,臺北市萬華區漢中街157號1樓,225215778,490,日本料理宵夜燒烤晚餐
RSN_000320,羴一羴蒙古炭烤羊腿 長安店,4.2,4,台北市中山區長安東路一段95號,225683313,500,火鍋宵夜晚餐
RSN_000321,丼賞和食x嗨蝦蝦三杯醉蝦石頭鍋,5,8,臺北市中山區林森北路381號2樓,225235510,1680,日本料理火鍋約會餐廳精緻高級
RSN_000322,東京一軒,3.6,1,臺北市大安區通安街62號,227007689,139,拉麵日本料理
RSN_000323,貳拾陸巷(Somebody),4.2,37,臺北市萬華區成都路65號2樓,223112371,300,咖啡早午餐下午茶
RSN_000324,白水豆花 台北永康店,4,11,臺北市大安區永康街31巷9號1樓,223926707,65,甜點冰品飲料下午茶
RSN_000325,璞豆咖啡.日常,4.7,2,臺北市大安區溫州街66號,223689466,300,咖啡下午茶
RSN_000326,天丼てんや,3.8,30,臺北市中正區忠孝西路一段36號B1,223110869,330,日本料理晚餐午餐
RSN_000327,吳家牛肉麵,4,14,臺北市北投區中央北路一段222號,228923686,240,小吃宵夜牛肉麵晚餐
RSN_000328,馬李王早午餐（寵物友善）,4.6,5,臺北市中山區中原街34號,908517686,300,早午餐義式料理下午茶
RSN_000329,富宏牛肉麵,4.3,66,臺北市萬華區洛陽街69號,223713028,160,小吃宵夜牛肉麵晚餐
RSN_000330,VEGE TEJI YA 菜豚屋,4.2,70,臺北市松山區八德路二段410巷16弄8號,227788055,700,韓式料理燒烤晚餐
RSN_000331,YABI KITCHEN,4.3,12,台北市信義區松智路17號2樓,227291381,600,泰式料理晚餐午餐
RSN_000332,怪獸小雞排,4.7,8,臺北市士林區小東街19號,228838883,150,小吃宵夜晚餐
RSN_000333,八海精緻鍋物料理,4.3,16,臺北市萬華區西寧南路72之1號,223616286,650,火鍋約會餐廳精緻高級宵夜
RSN_000334,孔陵一隻雞,3.6,47,台北市大安區大安路一段83巷14號,227818181,350,韓式料理晚餐午餐
RSN_000335,狸小路居酒屋,4.3,5,臺北市大安區安和路二段93號,287328555,1000,日本料理宵夜晚餐
RSN_000336,遠東Café (香格里拉遠東飯店),4.1,29,台北市大安區敦化南路二段201號6樓,277112080,1000,約會餐廳精緻高級
RSN_000337,犀牛犀牛肉蛋吐司捲餅專賣店,4,7,臺北市中山區伊通街68號,225065550,95,早午餐早餐下午茶午餐
RSN_000338,百合起酥蛋糕專賣店,4.1,4,臺北市士林區中正路218號,228320609,230,蛋糕甜點
RSN_000339,花嘴廚房,4.3,37,臺北市萬華區昆明街214之1號,223616998,135,早午餐義式料理早餐晚餐
RSN_000340,大和徐師傅燒餅大王,3.3,2,臺北市大安區臥龍街151巷35號,935560270,50,小吃宵夜晚餐午餐
RSN_000341,黑麻糬,4.3,1,臺北市中山區龍江路55巷21號遼寧街2號攤販,227773652,100,甜點下午茶
RSN_000342,牡丹 天ぷら｜頂級天婦羅,4.7,5,臺北市大安區四維路52巷17號,227068699,100,晚餐午餐
RSN_000343,美鄉拉麵屋,4.4,6,臺北市大安區建國南路二段151巷53號,227086515,250,拉麵午餐
RSN_000344,Irodori 彩日本料理 (君悅酒店),4,23,臺北市信義區松壽路2號3樓,227201230,1500,日本料理
RSN_000345,大橋頭米糕,4.4,42,臺北市大同區延平北路三段41號,225944685,80,小吃早餐下午茶午餐
RSN_000346,龍來果汁,4.6,8,臺北市萬華區廣州街88號,223085880,80,宵夜甜點冰品飲料
RSN_000347,136海鮮麵,3.9,1,台北市大安區瑞安街75號,227060636,230,小吃
RSN_000348,焼肉ライク 燒肉LIKE,4.2,26,台北市大同區承德路一段1號,225500329,510,燒烤日本料理約會餐廳精緻高級
RSN_000349,DEJIA得嘉野餐廚房,4.3,6,臺北市萬華區昆明街278號,223887518,160,早午餐義式料理早餐午餐
RSN_000350,Ombré,4.3,14,臺北市大安區復興南路二段130之1號2號柚木旁樓,227078884,1000,義式料理餐酒館/酒吧早午餐約會餐廳
RSN_000351,通庵熟成咖喱,4.4,13,台北市大安區通安街115號,928216527,230,咖哩日本料理精緻高級約會餐廳
RSN_000352,肉多多火鍋-古亭旗艦店,4.3,8,臺北市大安區羅斯福路二段79號3樓,223632323,600,火鍋宵夜晚餐午餐
RSN_000353,Buttermilk,4.1,39,臺北市中山區中山北路二段57之1號,225652898,400,美式料理甜點燒烤牛排
RSN_000354,有幸福Cafe,3.8,31,臺北市士林區美德街21號,228821521,400,咖啡甜點約會餐廳
RSN_000355,泰昌餅家 信義新光A8店,4,4,台北市信義區忠孝東路五段8號B2,228821528,700,港式料理
RSN_000356,Naked Deli 三明治實驗室,4.1,11,臺北市內湖區內湖路一段203巷7號,226275648,450,早午餐晚餐午餐
RSN_000357,饗瘦鐵板燒,4.9,1,臺北市松山區敦化北路165巷14號1樓,966600178,680,精緻高級約會餐廳晚餐午餐
RSN_000358,樂福銀河鐵道餐廳,4.2,5,台北市中山區敬業三路123號5樓,277060800,400,精緻高級約會餐廳
RSN_000359,Podium 無菜單料理,3.9,4,台北市士林區中正路209號2樓,228835720,1000,精緻高級約會餐廳
RSN_000360,焱鬼鍋燒專門店,3.9,20,臺北市文山區木新路二段252號,229365566,150,日本料理晚餐午餐
RSN_000361,大俠請留步,4.8,2,臺北市士林區文林路188號,228835268,240,日本料理合菜燒烤居酒屋
RSN_000362,Lady nara 台北統一時代店,4.3,18,臺北市信義區忠孝東路五段8號3樓,227201519,500,泰式料理合菜約會餐廳
RSN_000363,樂天皇朝,4.3,4,台北市中山區敬業三路123號3樓,227201578,290,中式料理合菜
RSN_000364,豐盛號 二號店,4.2,6,臺北市中山區雙城街18巷13號,225867070,200,早午餐早餐午餐
RSN_000365,隨主飡法式水煮專賣-台北小巨蛋總店,4.4,1,臺北市松山區敦化北路120巷7弄5號,916817553,200,晚餐午餐
RSN_000366,Big table,4.3,24,臺北市大安區信義路四段30巷34號,227088577,300,早午餐美式料理
RSN_000367,八海精緻鍋物 西門店,4.2,1,臺北市萬華區西寧南路72之1號6F,223616286,700,火鍋精緻高級約會餐廳
RSN_000368,帝國會館 華國大飯店,4.1,16,臺北市中山區林森北路600號,223616290,430,港式料理精緻高級約會餐廳早餐
RSN_000369,聚樂町日式居酒屋,4.5,5,臺北市萬華區武昌街二段99號,223316996,900,日本料理居酒屋約會餐廳精緻高級
RSN_000370,龍袍加身腸粉 台北永吉店,3.9,1,臺北市信義區永吉路30巷157弄13號,227653765,90,小吃港式料理晚餐午餐
RSN_000371,心月懷石日本料理,4.5,55,臺北市信義區信義路四段466號,287807756,1900,日本料理精緻高級約會餐廳
RSN_000372,瞞著爹丼飯,3.7,17,臺北市內湖區港墘路127巷3號,287518553,400,日本料理晚餐午餐
RSN_000373,明水然鍋物。鐵板燒,4.5,40,臺北市中山區明水路646號,285027019,600,火鍋日本料理
RSN_000374,Cin Cin Osteria 請請義大利餐廳,4.4,64,臺北市松山區慶城街16巷16號,227122050,500,義式料理甜點下午茶
RSN_000375,鍋大人 大安店,4.1,3,臺北市大安區敦化南路一段160巷32之1號,227791012,250,火鍋晚餐
RSN_000376,西園橋下蚵仔湯,4.3,4,臺北市萬華區西園路一段258之5號,223025974,70,日本料理午餐
RSN_000377,雞二拉麵 師大店,3.8,7,臺北市大安區羅斯福路三段139號,223628672,189,拉麵日本料理晚餐午餐
RSN_000378,生活域所 | A Living Labb,4.9,3,臺北市信義區信安街56號,227329908,260,下午茶午餐
RSN_000379,板前屋炭火鰻魚飯,4.5,16,台北市南港區研究院路一段88號,958787898,550,日本料理居酒屋宵夜
RSN_000380,滿漢爐魚,4.5,12,臺北市松山區光復南路54號1樓,225775875,700,火鍋宵夜晚餐
RSN_000381,三上咖哩,4.4,24,臺北市大安區大安路一段19巷3號,227416460,300,咖哩日本料理小吃晚餐
RSN_000382,一条通 士林門市,3.5,3,臺北市士林區文林路434號,228816681,430,日本料理晚餐午餐
RSN_000383,小吉市場,4.7,6,臺北市中正區南昌路二段111號,935504665,230,甜點下午茶
RSN_000384,標點符號創意早午餐,4.6,2,臺北市萬華區西昌街49號1樓,223317995,200,早午餐午餐
RSN_000385,特有種商行,4.4,56,臺北市中正區臨沂街27巷4之1號,223411785,350,咖啡早午餐甜點
RSN_000386,可蜜達吐司（北門店）,4.5,7,臺北市中正區中華路一段21巷14號,916678489,100,早午餐早餐午餐
RSN_000387,petit doux．微兜 Café Bistro,5,3,台北市大同區承德路一段1號1樓,277290009,350,甜點下午茶
RSN_000388,好客酒吧燒烤,4.2,84,臺北市大安區忠孝東路四段98號11樓,287728832,858,燒烤精緻高級
RSN_000389,K-Cafe,4.2,3,台北市大安區敦化南路一段291號,227082798,300,下午茶
RSN_000390,卡滋日式咖哩炸豬排專賣店,4.3,26,臺北市松山區八德路四段277之1號,227487767,350,日本料理咖哩晚餐午餐
RSN_000391,The Misanthrope Society 厭世會社,4.8,20,臺北市中正區羅斯福路四段40巷1之2號,223654535,500,餐酒館/酒吧精緻高級約會餐廳宵夜
RSN_000392,碼頭老火鍋,4.8,10,臺北市大安區仁愛路四段409之1號,227752115,850,火鍋宵夜晚餐
RSN_000393,瓦法奇朵,4.2,483,臺北市中正區信陽街29號,223110215,400,火鍋牛排合菜日本料理
RSN_000394,P&C Boutique Cafe,4.4,16,臺北市大同區赤峰街28之4號,228891605,300,咖啡甜點蛋糕下午茶
RSN_000395,春日甜Café,4.4,43,臺北市中山區中山北路二段27巷14號,225678017,600,咖啡甜點義式料理蛋糕
RSN_000396,1+1鍋物,4.7,2,臺北市大安區忠孝東路四段216巷32弄1號1樓,227112179,400,火鍋晚餐午餐
RSN_000397,江偉銓很義大利,0,0,臺北市大安區忠孝東路四段216巷32弄1號87樓,227112143,9800,義式料理下午茶晚餐午餐
RSN_000398,夢鹿咖啡 by tame moose,4,80,台北市大同區建泰里南京西路18巷6弄6號1樓,227112180,350,咖啡義式料理甜點精緻高級
RSN_000399,初魚鐵板燒,4.3,5,臺北市大安區泰順街42號,227112181,1210,合菜精緻高級約會餐廳晚餐
RSN_000400,隱家拉麵,4.6,1,臺北市士林區中山北路五段505巷1號,227112182,300,拉麵日本料理晚餐午餐
RSN_000401,狗一下居食酒屋 西門店,3.1,9,臺北市萬華區西寧南路34號1樓,227112183,450,日本料理宵夜居酒屋晚餐
RSN_000402,3 idiots toast＆curry 三個傻瓜,4.5,18,台北市信義區松壽路12號4樓,227112184,500,素食咖哩精緻高級
RSN_000403,深夜裡的法國手工甜點,3.8,4,臺北市中正區南昌路二段203號2樓之3,227112185,200,甜點宵夜
RSN_000404,TAEBAK 大發韓式特色料理 東區店,4.3,62,台北市大安區延吉街160巷9號,227112186,700,韓式料理晚餐午餐
RSN_000405,WakuWaku Burger,4.6,17,臺北市信義區吳興街117號1樓,227112187,300,美式料理早午餐咖哩
RSN_000406,好好食房 Soup Up,4.1,16,台北市內湖區瑞光路583巷22號1樓,227112188,220,中式料理合菜晚餐午餐
RSN_000407,石川日式食堂,4.3,10,臺北市文山區景華街60號,227112189,650,日本料理晚餐午餐
RSN_000408,真福記 脆皮烤鴨,4,11,臺北市松山區健康路3巷2號,227112190,700,中式料理火鍋合菜晚餐
RSN_000409,上信饌玉 永康店,4.7,3,臺北市大安區永康街12巷4號,227112191,400,義式料理下午茶晚餐午餐
RSN_000410,佐藤咖哩,4.3,9,臺北市大安區復興南路一段92之1號,227112192,200,咖哩日本料理早餐晚餐
RSN_000411,誠記越南麵食館,3.8,28,臺北市大安區永康街6巷1號,227112193,199,小吃晚餐
RSN_000412,Ed's Diner,4.3,17,臺北市中山區樂群二路216號1f,227112194,450,美式料理燒烤晚餐
RSN_000413,安東建一水產,4.4,3,台北市中山區安東街4-1號,227112195,300,日本料理
RSN_000414,川賀燒烤居酒屋,4.3,79,臺北市中山區合江街92號,227112196,2000,日本料理燒烤精緻高級約會餐廳
RSN_000415,汆食.作伙鍋,4.6,15,臺北市中山區中山北路三段26號1樓,227112197,350,火鍋約會餐廳
RSN_000416,大黑深夜板前鮨無菜單料理壽司吧,4.3,2,台北市松山區市民大道四段177號,227112198,1500,日本料理
RSN_000417,阿川蚵仔麵線,4.4,12,臺北市大同區民生西路198之17號,227112199,60,小吃早餐午餐
RSN_000418,ABV Bar & Kitchen 酒精濃度 地中海餐廳,4.4,45,臺北市大安區光復南路260巷39號,227112200,450,義式料理餐酒館/酒吧
RSN_000419,別所 shelter,4.1,37,臺北市大同區承德路三段51巷18號,227112201,250,咖啡甜點蛋糕
RSN_000420,MaMaDay 嘛嘛地,4.1,9,臺北市松山區南京東路四段75巷14弄1號,227112202,400,港式料理義式料理晚餐午餐
RSN_000421,牛爸爸牛肉麵,4.1,6,臺北市內湖區民權東路六段149號,227112203,1500,小吃牛肉麵晚餐
RSN_000422,蘭芳麵食館,4.2,71,台北市中山區遼寧街95號,227112204,300,小吃約會餐廳精緻高級合菜
RSN_000423,甘牌燒味 台灣 Kam's Roast Taiwan,4.1,15,臺北市信義區市府路45號B1,227112205,350,港式料理小吃晚餐午餐
RSN_000424,COFE bar 喫咖啡吧,4.6,4,臺北市大同區迪化街一段248號,227112206,200,咖啡
RSN_000425,共楽 Gung Lok Union Grocery,3.8,32,台北市大同區赤峰街22號,227112207,277,港式料理咖啡早午餐甜點
RSN_000426,陳季炸雞,4.7,4,臺北市北投區裕民一路12號,227112208,1200,宵夜晚餐午餐
RSN_000427,牛媽媽沙茶牛肉,3.3,12,臺北市大同區寧夏路50號,227112209,65,小吃宵夜晚餐
RSN_000428,瓦崎燒烤,3.1,21,臺北市中正區汀州路三段299號,227112210,489,火鍋約會餐廳精緻高級宵夜
RSN_000429,NoName咖哩カレーライス專門店,4.4,25,台北市大安區信義路三段166巷6弄4號,227112211,200,咖哩晚餐午餐
RSN_000430,HÒU TOAST and COFFEE 厚吐司.咖啡手作專門,4.9,2,臺北市大安區信義路四段151號,227112212,200,咖啡早午餐
RSN_000431,小珍珠烘焙坊,4.2,1,臺北市大安區金華街243巷25號,227112213,400,小吃
RSN_000432,Purebread Bakery,4.5,8,台北市大安區四維路154巷15號,227112214,400,小吃
RSN_000433,海底撈火鍋 慶城店,4.6,1,台北市松山區慶城街1號,227112215,399,火鍋宵夜甜點冰品飲料
RSN_000434,金仙一品魯肉飯,3.8,3,臺北市中山區錦州街453號,227112216,120,小吃晚餐午餐
RSN_000435,台北晶華酒店 Regent Taipei,4.4,13,臺北市中山區中山北路二段39巷3號,227112217,36650,蛋糕甜點約會餐廳精緻高級
RSN_000436,好好文化創意We&Me Cafe,4.2,57,臺北市信義區基隆路一段188之2號,227112218,400,咖啡早午餐約會餐廳義式料理
RSN_000437,我家客家小館,4.2,9,臺北市北投區中央南路二段14之1號,227112219,400,中式料理合菜晚餐午餐
RSN_000438,虎次郎日式炸牛排,4.3,5,臺北市中正區忠孝西路一段66號,227112220,250,日本料理牛排燒烤晚餐
RSN_000439,威尼斯義大利餐廳,4.3,7,臺北市中山區松江路235巷19號1樓,227112221,350,義式料理晚餐午餐
RSN_000440,Drip Cafe 好滴咖啡,3.5,42,台北市中正區南陽街1號2樓,227112222,400,咖啡甜點下午茶
RSN_000441,寅樂屋,4.2,87,臺北市大安區延吉街294號,227112223,200,咖哩日本料理居酒屋約會餐廳
RSN_000442,MaMa's 鐵鍋早午餐,4.6,8,臺北市松山區南京東路四段133巷8弄3號,227112224,220,早午餐美式料理午餐
RSN_000443,阿剛泰式主題餐廳,2.9,3,臺北市中正區汀州路三段150號,227112225,420,泰式料理合菜晚餐午餐
RSN_000444,阿伯蛋包麵,4.4,25,臺北市萬華區雙園街88號,227112226,100,早餐午餐
RSN_000445,VEGETEJIYA 菜豚屋,4.1,51,台北市中山區林森北路119巷67號,227112227,900,韓式料理燒烤宵夜晚餐
RSN_000446,下港吔羊肉專賣店,4.3,33,臺北市中山區天祥路18號,227112228,300,小吃火鍋合菜宵夜
RSN_000447,小涼院霜淇淋專門店,4.5,35,臺北市大安區復興南路二段148巷34號,227112229,100,甜點精緻高級約會餐廳冰品飲料
RSN_000448,Fika Fika Cafe 內湖店,4.4,18,臺北市內湖區陽光街321巷40號,227112230,380,早午餐蛋糕義式料理
RSN_000449,S Restaurant & Bar (HYG北歐美饌),3.9,8,臺北市松山區敦化北路150號,227112231,700,約會餐廳精緻高級宵夜早餐
RSN_000450,老程麵店,4.1,11,臺北市大同區延平北路三段152號,227112232,110,小吃晚餐午餐
RSN_000451,Alleycat's 京站店QSquare,3.6,13,臺北市大同區承德路一段1號,227112233,400,義式料理晚餐午餐
RSN_000452,港點大師 台北三創店,4.3,17,台北市中山區市民大道三段2號,227112234,800,港式料理中式料理合菜晚餐
RSN_000453,一茗糖 Sugar M 小巨蛋店,5,4,臺北市松山區南京東路四段133巷8弄2號,227112235,40,冰品飲料
RSN_000454,HERE & THERE,4.5,3,台北市大同區延平北路二段62號,227112236,250,甜點
RSN_000455,財神台南擔仔麵,3.8,13,臺北市松山區新中街6巷1號,227112237,200,小吃精緻高級晚餐午餐
RSN_000456,阿蘭大鼎魩仔魚蛋炒飯,3.5,5,臺北市大同區保安街49巷17號,227112238,100,小吃午餐
RSN_000457,SoShow Bar & Restaurant,4.6,8,臺北市中山區中山北路一段47號2F,227112239,500,約會餐廳宵夜餐酒館/酒吧
RSN_000458,社子古早味豆花,4.6,53,臺北市士林區社正路5號,227112240,30,甜點冰品飲料小吃
RSN_000459,昭和冰室,4.2,9,臺北市大安區文昌街47號1F,227112241,250,甜點約會餐廳冰品飲料下午茶
RSN_000460,唐點小聚市民店,4.2,31,臺北市大安區市民大道四段102號,227112242,500,港式料理中式料理甜點合菜
RSN_000461,紅橘子精緻早午餐．延吉店,3.6,2,臺北市大安區延吉街259號,227112243,600,早午餐美式料理約會餐廳
RSN_000462,飯Bar,4.2,37,臺北市內湖區內湖路一段360巷2號,227112244,800,中式料理精緻高級甜點約會餐廳
RSN_000463,龍記搶鍋麵,4.1,21,臺北市中正區衡陽路84巷5號,227112245,100,小吃午餐
RSN_000464,麵食士林,3.4,13,臺北市士林區美德街68號,227112246,300,義式料理晚餐午餐
RSN_000465,Cuiqu Coffee奎克咖啡 - 台北忠孝店,3.9,10,臺北市大安區忠孝東路四段216巷11弄8號,227112247,150,咖啡下午茶
RSN_000466,鍋+ SHABU,4.6,2,臺北市士林區福國路47巷2之1號,227112248,700,火鍋晚餐午餐
RSN_000467,凪ラーメン豚王拉麵,4.2,128,台北市萬華區漢中街52號6樓,227112249,250,拉麵日本料理下午茶晚餐
RSN_000468,胡同燒肉,4.4,19,臺北市大安區敦化南路一段161巷17號,227112250,2200,燒烤宵夜晚餐
RSN_000469,大發生猛海鮮餐廳,3.9,1,臺北市北投區裕民二路60號,227112251,200,宵夜合菜
RSN_000470,MAD KITCHEN 吃狂 創意料理,4.3,4,臺北市中山區復興北路202號,227112252,100,義式料理宵夜晚餐午餐
RSN_000471,Kimukatsu晴木千層豬排,3.6,10,臺北市信義區松智路17號5樓,227112253,500,日本料理晚餐午餐
RSN_000472,李家榕樹下快炒,4,1,臺北市大安區嘉興街382巷2號,227112254,800,中式料理合菜宵夜晚餐
RSN_000473,TGB很牛炭燒牛排 台北東興店,4.3,11,臺北市松山區東興路18號,227112255,700,牛排約會餐廳晚餐
RSN_000474,戰醬燒肉,4.5,4,台北市中山區雙城街17巷13-3號,227112256,799,燒烤
RSN_000475,新東街口 精緻火鍋,5,1,台北市松山區民生東路五段205號,227112257,3400,火鍋約會餐廳
RSN_000476,James House (coffee),4.6,2,臺北市大安區安和路一段127巷5號,227112258,100,咖啡宵夜
RSN_000477,天丼てんや 微風北車店,4.1,1,臺北市中正區北平西路3號2樓,227112259,200,晚餐午餐
RSN_000478,豆燕山-民權店,5,1,臺北市內湖區民權東路六段90巷5弄2號,227112260,60,甜點冰品飲料小吃
RSN_000479,Andrew Frank Café,4.7,1,臺北市大安區復興南路二段128巷4號1樓,227112261,500,咖啡早午餐下午茶
RSN_000480,水戶懷石日本料理,4.1,12,臺北市中山區吉林路16號,227112262,500,日本料理精緻高級約會餐廳晚餐
RSN_000481,重點 El punto 南美風情臻品料理,4.8,6,台北市大安區仁愛路四段345巷4弄12號,227112263,550,精緻高級餐酒館/酒吧約會餐廳
RSN_000482,齋之傳說素食餐廳永吉店,4.1,9,臺北市信義區永吉路30巷157弄5號,227112264,130,牛排素食日本料理晚餐
RSN_000483,佐賀丼飯專家-信義永吉,4,4,臺北市信義區永吉路30巷102弄13號,227112265,95,日本料理午餐
RSN_000484,台灣第一家鹽酥雞,4.1,1,臺北市內湖區內湖路一段737巷29號,227112266,100,小吃晚餐
RSN_000485,福德涼麵,3.9,38,臺北市中山區興安街76號,227112267,95,小吃宵夜下午茶晚餐
RSN_000486,凱古早味鍋燒麵,4.1,4,臺北市信義區吳興街8巷5號,227112268,100,小吃晚餐午餐
RSN_000487,台灣人ㄟ甜甜圈,3.4,4,臺北市大同區華陰街183號,227112269,25,甜點
RSN_000488,季吉GG韓國餐館,4.3,7,臺北市松山區民生東路四段56巷3弄16號,227112270,200,韓式料理晚餐午餐
RSN_000489,āmra,4.1,7,臺北市松山區復興北路81巷20號,227112271,300,早午餐下午茶午餐
RSN_000490,Ma C So Yo 築夢韓食,4.7,14,臺北市中山區中山北路一段121巷15號,227112272,450,韓式料理晚餐午餐
RSN_000491,Bagel Bagel Cafe & Bar,4.3,19,臺北市中山區南京東路二段125號B1,227112273,600,咖啡義式料理早午餐
RSN_000492,AL REVÉS 餐廳 。 顛倒restaurant,4.3,26,臺北市萬華區昆明街131號,227112274,150,義式料理早午餐下午茶晚餐
RSN_000493,逗豆舖,4.5,5,臺北市大安區和平東路二段118巷54弄21號,227112275,50,日本料理冰品飲料拉麵
RSN_000494,泰廚世家,4.3,7,臺北市松山區延壽街89號,227112276,2000,泰式料理約會餐廳晚餐午餐
RSN_000495,Humble beginnings Café - Taipei 亨寶咖啡,4,13,臺北市士林區中山北路七段36之1號,227112277,300,咖啡早午餐宵夜下午茶
RSN_000496,上島珈琲店 誠品站前店,4,5,臺北市中正區忠孝西路一段49號,227112278,230,咖啡早餐
RSN_000497,微兜 Petit Doux咖啡小酒館,4.3,101,台北市大安區信義路二段198巷7之3號,227112279,380,甜點咖啡蛋糕
RSN_000498,La Farfalla 義式餐廳,4.1,51,臺北市信義區松高路18號6樓號,227112280,1800,義式料理精緻高級約會餐廳
RSN_000499,黃龍莊,4,11,臺北市中正區牯嶺街43號,227112281,250,小吃晚餐午餐
RSN_000500,弘燒肉丼,4.8,1,臺北市大安區信義路四段265巷31弄1號1樓,227112282,430,晚餐午餐
RSN_000501,BREMEN 不萊梅 圓山店,4.2,1,臺北市大同區酒泉街36號,227112283,200,義式料理晚餐午餐
RSN_000502,Coppii Lumii living coffee 冉冉生活,4.2,14,臺北市中山區龍江路298巷23號,227112284,400,咖啡早午餐下午茶
RSN_000503,旗魚新竹米粉,4.2,7,臺北市大同區延平北路三段85號3號,227112285,500,小吃宵夜晚餐
RSN_000504,八斤所8Jin Café,4.1,29,臺北市大同區寧夏路87號1樓,227112286,520,咖啡甜點下午茶
RSN_000505,肉多多火鍋 天母店,4.3,10,臺北市士林區德行東路228號1樓,227112287,500,火鍋宵夜晚餐午餐
RSN_000506,EAT PLUS 玩食家,4.5,3,臺北市士林區忠誠路二段154巷7號一樓,227112288,200,早午餐晚餐午餐
RSN_000507,Engolili 英格莉莉 誠品南西店,4.4,13,臺北市大同區南京西路14號3樓,227112289,500,早午餐甜點下午茶
RSN_000508,YumYum Deli,3.8,95,台北市大安區忠孝東路四段216巷32弄12號,227112290,350,美式料理約會餐廳早午餐
RSN_000509,小霸王麵線,4.1,1,臺北市信義區永吉路409號,227112291,700,小吃晚餐午餐
RSN_000510,老同安小酒館,4.9,1,臺北市中正區同安街24號,227112292,500,日本料理牛肉麵居酒屋約會餐廳
RSN_000511,福來早餐芝山店,4,1,臺北市士林區福華路128巷3弄1號,227112293,90,早午餐美式料理早餐
RSN_000512,180度C蜜酥雞排,4.6,13,臺北市萬華區貴陽街二段77號,227112294,120,小吃甜點宵夜
RSN_000513,云滇雲南過橋米線,3.9,11,臺北市大安區忠孝東路四段49巷4弄14號,227112295,220,中式料理晚餐午餐
RSN_000514,雄記蔥抓餅,4.4,7,臺北市中正區羅斯福路四段108巷2號,227112296,270,小吃宵夜下午茶晚餐
RSN_000515,Old Seat Restaurant.Cafe 川酒＆咖啡,4.6,7,臺北市大安區忠孝東路四段101巷29號1樓,227112297,750,咖啡餐酒館/酒吧精緻高級約會餐廳
RSN_000516,福昌羊肉-台北信義店,4.9,1,臺北市信義區松隆路62號,227112298,390,小吃宵夜火鍋晚餐
RSN_000517,廖家牛肉麵,4.1,14,臺北市大安區金華街98號,227112299,250,小吃牛肉麵午餐
RSN_000518,Rilakkuma Café 拉拉熊咖啡廳,4.2,82,臺北市大安區忠孝東路四段248巷3號,227112300,1056,約會餐廳早午餐
RSN_000519,草原風蒙古火鍋,4.5,40,臺北市士林區後港街35號,227112301,800,火鍋晚餐午餐
RSN_000520,Garden Kitchen 台北萬豪酒店,4.4,15,臺北市中山區樂群二路199號,227112302,1500,牛排早餐
RSN_000521,一號糧倉 樂埔町,4.5,18,台北市松山區八德路二段346巷3弄2號,227112303,1000,小吃牛肉麵晚餐
RSN_000522,天干物燥-老子今天吃火鍋,4.7,8,台北市中山區松江路38巷2號,227112304,800,火鍋晚餐午餐
RSN_000523,韓式辣炒年糕海苔飯捲專賣店,3.4,1,臺北市萬華區中華路一段144號,227112305,300,韓式料理晚餐午餐
RSN_000524,檀島香港茶餐廳,3.4,54,臺北市信義區松壽路11號b1號,227112306,430,港式料理咖啡下午茶
RSN_000525,飯BAR Station 信義微風店,4.5,15,臺北市信義區忠孝東路五段68號4F,227112307,600,中式料理合菜晚餐午餐
RSN_000526,名傳鵝肉,3.5,4,臺北市北投區石牌路二段183號,227112308,100,小吃早餐晚餐午餐
RSN_000527,祥和蔬食精緻料理,4.5,6,臺北市中正區鎮江街1巷1號,227112309,300,素食精緻高級約會餐廳晚餐
RSN_000528,香頌私宅會館,3.9,22,臺北市中山區建國北路二段52號,227112310,2200,合菜餐酒館/酒吧精緻高級約會餐廳
RSN_000529,慶三號烤肉倉庫早午餐,4.1,4,臺北市中正區金門街2之3號,227112311,120,早午餐早餐午餐
RSN_000530,YumYum 好吃好吃2號店,4.2,1,台北市中正區羅斯福路三段316巷16號2樓,227112312,380,牛排
RSN_000531,A Cut steakhouse (國賓大飯店),4.5,47,臺北市中山區中山北路二段63號B1,227112313,2500,牛排精緻高級約會餐廳晚餐
RSN_000532,香港私宅打邊爐,4.1,49,臺北市中山區長安東路二段174之1號2樓,227112314,800,火鍋咖哩港式料理晚餐
RSN_000533,a day 日常生活咖啡,4.3,19,臺北市大安區忠孝東路三段217巷8弄20之1號,227112315,140,咖啡甜點蛋糕下午茶
RSN_000534,肉多多火鍋 大安信義店,4.5,4,臺北市大安區信義路四段199巷18號,227112316,300,火鍋宵夜晚餐午餐
RSN_000535,赤雞雞排,4.5,18,臺北市中正區中山北路一段42號,227112317,130,小吃美式料理咖哩
RSN_000536,潔果物語義式廚房Fruit Talk Pasta,4.4,5,臺北市南港區永吉路541號,227112318,500,義式料理火鍋晚餐午餐
RSN_000537,蘭苑私廚 Orchid Court,4.8,7,臺北市中正區金華街30巷1號,227112319,2750,日本料理精緻高級約會餐廳晚餐
RSN_000538,Fa cafe 天母店,4.3,15,臺北市士林區中山北路七段14巷6號,227112320,600,咖啡義式料理餐酒館/酒吧精緻高級
RSN_000539,匠壽司,4.5,68,臺北市中山區建國北路一段68號,227112321,1200,日本料理合菜精緻高級
RSN_000540,珠寶盒法式點心坊,4.2,24,臺北市大安區安和路二段209巷10號,227112322,300,甜點蛋糕下午茶
RSN_000541,兩餐韓國年糕火鍋-忠孝店,3.9,21,臺北市大安區忠孝東路四段98號3樓,227112323,405,火鍋韓式料理晚餐午餐
RSN_000542,Burger & Co,4.1,18,台北市大安區通安街49號,227112324,250,美式料理晚餐午餐
RSN_000543,洋城義大利餐酒館 內湖家樂福店,4.7,4,臺北市內湖區民善街88號1樓,227112325,380,義式料理精緻高級餐酒館/酒吧約會餐廳
RSN_000544,上善豆家 DeliSoys,4.1,17,臺北市大安區復興南路一段107巷16號,227112326,380,素食小吃下午茶晚餐
RSN_000545,新高軒,4,17,臺北市大安區市民大道四段8號,227112327,300,咖哩日本料理約會餐廳晚餐
RSN_000546,杜佬大手作弁當,4.1,1,臺北市信義區忠孝東路四段559巷16弄15號,227112328,99,午餐
RSN_000547,天下佈武,3.7,20,臺北市大安區師大路50號,227112329,30,宵夜
RSN_000548,紅螞蟻平價鐵板燒,3.8,4,臺北市大安區臨江街7號,227112330,180,宵夜晚餐
RSN_000549,蚵仔麵線佳鑫檸檬,4.4,8,臺北市中正區泉州街32之2號,227112331,45,小吃午餐
RSN_000550,話一隻雞,4.2,1,臺北市中正區南陽街21之5號1樓,227112332,130,咖哩晚餐午餐
RSN_000551,漢來海港 自助餐廳,4.1,36,台北市大安區敦化南路一段246號6樓,227112333,913,甜點義式料理
RSN_000552,宏益水晶餃,4.1,21,臺北市萬華區昆明街184之2號,227112334,30,小吃晚餐午餐
RSN_000553,Fly's Kitchen,4.5,33,臺北市大安區大安路一段16巷4號,227112335,200,咖啡甜點早午餐蛋糕
RSN_000554,佬饕賦,4.3,1,臺北市士林區士東路200巷78號,227112336,160,小吃精緻高級晚餐午餐
RSN_000555,玖酒井食事町,5,5,臺北市大安區敦化南路一段190巷40號1樓,227112337,1500,日本料理約會餐廳居酒屋
RSN_000556,藝奇新日本料理 台北中山北店,4.7,5,臺北市中山區中山北路二段68號B1,227112338,420,日本料理晚餐午餐
RSN_000557,BANCO 世貿店,4.5,5,臺北市信義區基隆路二段13之1號1樓,227112339,250,義式料理晚餐午餐
RSN_000558,Maison家 Chinese fusion,4.4,12,臺北市大安區光復南路290巷41號,227112340,600,餐酒館/酒吧約會餐廳精緻高級下午茶
RSN_000559,夢仙,4.7,2,臺北市大安區信義路四段60之100號,227112341,300,甜點下午茶
RSN_000560,濟善老麵,4.4,13,臺北市萬華區艋舺大道120巷11弄1號,227112342,200,拉麵日本料理晚餐午餐
RSN_000561,CHENDU 94 心肝寶貝,4.6,9,台北市萬華區成都路94號,227112343,550,宵夜餐酒館/酒吧約會餐廳
RSN_000562,C'est Bon 歐陸餐廳 (麗禧酒店),4.6,9,台北市北投區幽雅路30號,227112344,1000,精緻高級約會餐廳晚餐午餐
RSN_000563,Fourplay Cuisine,4.4,23,臺北市大安區東豐街67號,227112345,800,精緻高級宵夜餐酒館/酒吧
RSN_000564,志明牛肉拉麵(北投總店),4,34,臺北市北投區中央北路一段228巷3號,227112346,140,小吃牛肉麵宵夜晚餐
RSN_000565,桃花源緣,4.8,5,臺北市大同區延平北路二段79號,227112347,308,咖啡甜點下午茶
RSN_000566,唯寧記麻辣鴨血,4,1,臺北市內湖區內湖路一段737巷29號,227112348,120,小吃晚餐午餐
RSN_000567,SOMA 特調飲品,4.2,21,台北市大安區敦化南路一段187巷23號,227112349,70,冰品飲料下午茶
RSN_000568,春美冰菓室,4.4,35,臺北市松山區敦化北路120巷54號,227112350,100,甜點小吃冰品飲料下午茶
RSN_000569,"原汁排骨湯,高麗菜飯",4,24,臺北市大同區延平北路三段17巷2號,227112351,200,小吃午餐
RSN_000570,TASTY西堤牛排,3.9,6,臺北市大安區復興南路一段152號3樓,227112352,300,牛排晚餐午餐
RSN_000571,謝謝 台味炭烤,4.6,2,臺北市內湖區成功路四段61巷25弄7號,227112353,400,日本料理居酒屋晚餐
RSN_000572,父母 - FuMu - COME TO MAMA & PAPA,4.7,2,臺北市中山區興安街103號,227112354,500,宵夜早午餐約會餐廳晚餐
RSN_000573,蔚稻食堂,4.6,7,臺北市中山區民生東路二段115巷25弄2號,227112355,200,日本料理小吃晚餐午餐
RSN_000574,濱松屋,3.8,13,臺北市中山區林森北路119巷12號,227112356,700,日本料理晚餐午餐
RSN_000575,木柵水煎包,4.4,4,臺北市文山區指南路一段25號,227112357,800,早餐
RSN_000576,史坦利美式牛排 敦化店,4.4,9,臺北市大安區敦化南路一段233巷22號,227112358,450,牛排美式料理晚餐午餐
RSN_000577,Nomad bistro bar,4.7,7,台北市大安區光復南路308巷43號,227112359,900,約會餐廳牛排精緻高級
RSN_000578,泰正點,4.1,9,臺北市中正區汀州路三段166號,227112360,300,泰式料理合菜晚餐午餐
RSN_000579,胡饕米粉湯•黑白切 Hu Tao Traditional Taiwanese Cuisine,4.2,3,臺北市信義區永吉路30巷158弄3號,227112361,100,小吃晚餐午餐
RSN_000580,日安 Ciao早午餐,3.7,14,臺北市中正區汀州路二段186號,227112362,200,早午餐午餐
RSN_000581,天香樓 (亞都麗緻大飯店),4.4,12,臺北市中山區民權東路二段41號,227112363,1700,日本料理晚餐午餐
RSN_000582,北平都一處,4,16,臺北市信義區仁愛路四段506號,227112364,340,中式料理火鍋合菜晚餐
RSN_000583,鬧聚 HUBBUB,4.4,12,臺北市松山區富錦街454號,227112365,250,中式料理合菜下午茶晚餐
RSN_000584,彭園湘菜館,3.7,8,臺北市中山區林森北路380號,227112366,690,晚餐午餐
RSN_000585,敘日 全日餐廳 - 台北六福萬怡酒店,3.7,4,臺北市南港區忠孝東路七段359號7樓號,227112367,1500,日本料理早餐約會餐廳精緻高級
RSN_000586,倆男食所,4.8,1,臺北市中山區錦州街231巷5號,227112368,360,咖哩晚餐午餐
RSN_000587,庄頭豆花担,4,20,臺北市松山區市民大道四段73號,227112369,50,甜點小吃冰品飲料
RSN_000588,醒而眠咖啡酒館 Awake til sleep,4.5,1,臺北市大安區仁愛路三段143巷38號,227112370,100,咖啡宵夜
RSN_000589,悄悄好食永康店舖,4.4,1,臺北市大安區永康街31巷14之4號,227112371,185,下午茶晚餐午餐
RSN_000590,廣集品廣東粥,4.4,1,臺北市信義區虎林街121巷1號,227112372,70,小吃晚餐午餐
RSN_000591,Take out burger,4.3,21,臺北市中正區新生南路一段56巷6號,227112373,300,美式料理晚餐午餐
RSN_000592,Chatime日出茶太 內湖大潤發二館店,4.5,1,臺北市內湖區舊宗路一段188號,227112374,60,小吃
RSN_000593,東京牛奶起司工房 Tokyo Milk Cheese Factory,4.6,24,臺北市信義區松智路17號2樓,227112375,130,甜點蛋糕冰品飲料
RSN_000594,燒烤杏鮑菇,3.9,9,臺北市士林區大南路98號,227112376,230,燒烤宵夜晚餐
RSN_000595,M M CAFE & BAR,4.5,1,台北市中山區建國北路二段6巷27號,227112377,600,咖啡
RSN_000596,台北國泰萬怡酒店 Courtyard by Marriott Taipei Downtown,4.4,1,台北市中山區民生東路三段6號,227112378,700,宵夜精緻高級約會餐廳晚餐
RSN_000597,邱太太甜品坊,4.3,3,臺北市中山區龍江路382號,227112379,100,甜點下午茶
RSN_000598,麻辣45,4.3,5,臺北市信義區忠孝東路五段68號45樓,227112380,1000,火鍋精緻高級約會餐廳晚餐
RSN_000599,Fika Fika Cafe,4.3,51,臺北市中山區伊通街33號,227112381,240,甜點蛋糕約會餐廳
RSN_000600,光景 Scene Select,4.6,9,臺北市松山區健康路11之1號,227112382,260,甜點
RSN_000601,泰鄉食坊,4.2,1,臺北市內湖區麗山街348巷14號1樓,227112383,800,咖哩合菜泰式料理晚餐
RSN_000602,JAI宅 西門店,4.4,11,臺北市萬華區武昌街二段50巷10號2樓,227112384,500,義式料理甜點下午茶
RSN_000603,PACKIE銀杏川酒菜館,4.3,7,台北市信義區松壽路九號六樓,227112385,1000,精緻高級約會餐廳餐酒館/酒吧宵夜
RSN_000604,神仙川味牛肉麺,4.1,14,臺北市中山區長春路322號,227112386,200,中式料理小吃合菜牛肉麵
RSN_000605,霜 越南河粉,3.9,4,台北市大安區復興南路一段74號,227112387,135,晚餐午餐
RSN_000606,月霞 Waha Cafe,4.8,1,臺北市大同區赤峰街47巷3號1樓,227112388,200,咖啡
RSN_000607,開飯川食堂,4.1,27,臺北市信義區忠孝東路五段8號7樓,227112389,600,中式料理合菜晚餐午餐
RSN_000608,大村武串燒 士林店,4.4,16,臺北市士林區基河路255號,227112390,500,日本料理燒烤宵夜居酒屋
RSN_000609,銀兔-スープカレー,4.5,55,臺北市大安區浦城街13巷4號,227112391,300,咖哩日本料理晚餐午餐
RSN_000610,巴和奈野 illy Cafe（奈野咖啡二店）,4.1,19,臺北市中正區羅斯福路二段81巷16弄5號,227112392,270,早午餐咖啡
RSN_000611,Ryans都會潛艇堡,4,2,臺北市內湖區金湖路392號,227112393,150,早餐義式料理晚餐
