RST_NUM,RST_NAME,RST_STAR,RST_PHONE,area,RST_ADDRESS,RST_AVG_PRICE
RSN_000000,滾吧 Qunba 鍋物 建北店,4.4,225173700,AREA_02,建國北路一段148號,500
RSN_000001,打狗霸 TAKAO 1972,3.3,223313677,AREA_05,昆明街44之46號,440
RSN_000002,春熙巷川麵堂,4.3,223960386,AREA_00,濟南路二段58之3號,160
RSN_000003,匠樂割烹壽司,4.7,277091188,AREA_04,四維路52巷31號,180
RSN_000004,養鍋 Yang Guo 石頭涮涮鍋 (台北松菸店),4.5,227682889,AREA_06,忠孝東路四段559巷28號,250
RSN_000005,頂級甜不辣,4.2,223026022,AREA_05,廣州街,45
RSN_000006,大稻埕魯肉飯,4.3,988051825,AREA_01,長安西路220巷17號,80
RSN_000007,HEY CAFE,4.1,225412218,AREA_02,中山北路一段33巷28號,320
RSN_000008,泰市場,3.7,287860029,AREA_06,松高路11號6樓,600
RSN_000009,馬辣頂級麻辣鴛鴦火鍋忠孝店,4.0,227212533,AREA_04,忠孝東路四段223巷10弄4號,700
RSN_000010,JAM'S TEA 詹姆詹姆果蜜大吉嶺茶飲,4.7,287717573,AREA_04,忠孝東路四段216巷8弄16號,100
RSN_000011,朝桂港式飲茶,3.9,227728888,AREA_04,敦化南路一段200號B1,530
RSN_000012,十二粥,4.3,227365565,AREA_04,通安街79號,60
RSN_000013,小豬樂石韓國火山石烤肉專賣店,3.9,226315199,AREA_09,東湖路94巷1號,1000
RSN_000014,Mallard Grilled Cheese Eatery 野鴨小餐館,4.8,287710690,AREA_03,市民大道四段75號,300
RSN_000015,貓大福,3.6,223656866,AREA_00,汀州路三段168號2樓,300
RSN_000016,水牛城美式餐廳BFLO,4.2,225329833,AREA_02,北安路538巷1弄9號,450
RSN_000017,At.First Brunch緣來-松高店,3.9,227238723,AREA_06,松高路16號B2,400
RSN_000018,食徒,4.7,227119508,AREA_02,復興南路一段20號,1500
RSN_000019,奇岩一號 川湘料理,4.5,255518888,AREA_08,奇巖路1號,800
RSN_000020,魚君 さかなくん 鮮魚專門居酒屋,3.7,227728959,AREA_04,光復南路290巷66號,350
RSN_000021,紅磡 新飲茶,3.8,225423838,AREA_02,林森北路263號,530
RSN_000022,朝鮮味,3.8,287739190,AREA_04,仁愛路四段345巷4弄2號,400
RSN_000023,鮮雞味,4.3,979698003,AREA_04,臺北市臺灣 106 No. 45之11安東街之號,80
RSN_000024,南大門韓國烤肉,4.0,225711017,AREA_02,林森北路119巷63號,500
RSN_000025,安好食 和平店,4.0,227384185,AREA_04,和平東路二段118巷54弄6號,60
RSN_000026,阿豬媽아줌마韓式烤肉ｘ火鍋吃到飽 西門店,2.8,223310511,AREA_05,西寧南路123號4樓,420
RSN_000027,Hoo. Donut 呼點甜甜圈,4.6,223210036,AREA_00,南昌路二段9巷,190
RSN_000028,松青潤餅,4.3,930406677,AREA_00,中華路二段311巷4號,50
RSN_000029,梅卿越南料理,4.3,228867252,AREA_07,承德路四段40巷81號,300
RSN_000030,虎笑麵屋 Whole Chou,4.6,227666978,AREA_03,三民路113巷18號1樓,250
RSN_000031,必可蜜 PiQiMi,4.5,223111115,AREA_05,西寧南路119號,50
RSN_000032,烏頂關東煮,2.4,223686659,AREA_04,師大路49巷3之1號,100
RSN_000033,Aj's wine & bistro,4.7,227321189,AREA_04,通化街171巷33號,2000
RSN_000034,百家樂鐵板燒,4.0,225859680,AREA_02,民權東路二段13號,2000
RSN_000035,來來豆漿,3.0,227979253,AREA_09,內湖路一段93號,200
RSN_000036,Simple Kaffa 興波咖啡旗艦店,4.2,233221888,AREA_00,忠孝東路二段27號,300
RSN_000037,uMeal 優膳糧,4.3,287808026,AREA_06,吳興街51號,160
RSN_000038,UMAMI 金色三麥,4.4,227291229,AREA_06,松智路17號7F,750
RSN_000039,四食五Good Food大小通吃 麵線屋(延北),4.5,902157911,AREA_01,延平北路一段69巷40號一樓,60
RSN_000040,青田七六,4.3,223916676,AREA_04,青田街七巷六號,1200
RSN_000041,台北西門町意舍酒店,4.3,223755111,AREA_05,武昌街二段77號5樓,240
RSN_000042,小紅莓自助火鍋城,4.2,227676131,AREA_03,寶清街24號,440
RSN_000043,QUE 原木燒烤餐廳,4.1,226532899,AREA_10,市民大道七段8號,750
RSN_000044,山羊城全羊館,4.4,227531283,AREA_03,健康路300號,500
RSN_000045,ANGEL CAFE,4.0,233433533,AREA_04,永康街18號,350
RSN_000046,珍饌鹹粥,4.2,233433583,AREA_04,通化街68號,80
RSN_000047,鳥哲燒物料亭,4.3,228310166,AREA_07,福華路128巷12號,800
RSN_000048,安妞韓辣燙,3.6,227784566,AREA_04,安東街52之3號1樓,200
RSN_000049,紅九九個人鴛鴦鍋 市府店,4.5,287867299,AREA_06,逸仙路42巷9號,700
RSN_000050,Jiala coffee 加辣咖啡,4.7,225182510,AREA_02,五常街53巷13號,230
RSN_000051,嘉當歸鴨肉麵飯,3.9,227530028,AREA_06,永吉路30巷89號,85
RSN_000052,Together,4.0,223933628,AREA_04,永康街31之6號,150
RSN_000053,MeetFresh鮮芋仙,3.9,227312355,AREA_04,永康街31之87號,55
RSN_000054,苒冉小食光,4.4,227889639,AREA_10,興中路28巷5號,150
RSN_000055,佐藤精肉店 shihlin,4.3,228810121,AREA_07,文林路167號2樓,150
RSN_000056,雙月食品社,4.3,233938953,AREA_00,青島東路6之2號,250
RSN_000057,阿義魯肉飯,4.0,979773168,AREA_05,華西街觀光夜市攤號151號,50
RSN_000058,神來一鍋,4.6,226589987,AREA_09,文德路30號,582
RSN_000059,辣椒先生-川味麻辣燙,4.8,983602613,AREA_11,景華街78號,890
RSN_000060,鍋&Bar精緻鍋物餐酒館 微風復興店,5.0,287722362,AREA_03,復興南路一段39號G樓66櫃,700
RSN_000061,貝克宅 Roasting House - Beckhome Roasting House,4.2,225176722,AREA_02,南京東路三段89巷5弄4號,200
RSN_000062,城中市場老牌牛肉拉麵大王,4.3,223815604,AREA_00,重慶南路一段46巷7號,140
RSN_000063,全統西點麵包-天母東路店,4.3,228711041,AREA_07,天母東路36之4號,230
RSN_000064,Kakigori Toshihiko,4.3,228711042,AREA_00,金門街2-2號,870
RSN_000065,天母國賓經典川粵菜,4.1,228312729,AREA_07,中山北路六段88號B1樓,470
RSN_000066,煇煌川菜小館,3.9,223817448,AREA_00,延平南路166號,870
RSN_000067,老山東牛肉麵,3.9,223891216,AREA_05,西寧南路70號,140
RSN_000068,春桃手作厚工甜品,4.6,223891216,AREA_05,永福街56號,150
RSN_000069,吉利街無名小籠包,4.2,933200806,AREA_08,吉利街166號,170
RSN_000070,京旺料亭,4.9,228385689,AREA_07,士東路336號1樓,600
RSN_000071,鴨寨夫人,4.7,908389381,AREA_08,中央北路四段533號,500
RSN_000072,Ulove羽樂歐陸創意料理,4.7,225782656,AREA_03,南京東路四段162號,1000
RSN_000073,幸和殿日式手作料理,4.5,287519785,AREA_09,內湖路一段285巷65弄24號,500
RSN_000074,星海食事所,4.6,287726930,AREA_04,延吉街68之36號1樓,600
RSN_000075,ONE GOOD烤肉飯,4.5,227623209,AREA_03,光復南路17巷34號1樓,200
RSN_000076,詹記麻辣火鍋 敦南店,4.4,223777799,AREA_04,和平東路三段60號,800
RSN_000077,Chinese Whispers悄悄話餐酒館,4.3,227783988,AREA_04,仁愛路四段345巷2弄11號,500
RSN_000078,台一牛奶大王,4.1,223634341,AREA_04,新生南路三段82號,70
RSN_000079,東京巴黎甜點 南京店,4.7,225210058,AREA_02,南京東路二段25號,180
RSN_000080,Mosun 墨賞新鐵板料理餐廳,4.3,227319966,AREA_04,忠孝東路四段155號2樓,1680
RSN_000081,格萊天漾大飯店 Great Skyview,4.1,223383366,AREA_05,艋舺大道101號,1100
RSN_000082,13號麵線,4.1,979858867,AREA_10,中坡南路13號,85
RSN_000083,Shawn Coffee,4.5,237621020,AREA_03,新中街8巷16號,140
RSN_000084,半嶺桶仔雞,4.2,228621192,AREA_08,紗帽路40之17號,350
RSN_000085,幸運角咖啡,4.6,227226818,AREA_06,吳興街345巷4號,300
RSN_000086,Hush Taipei 餐酒館,4.9,227789069,AREA_04,市民大道四段34號,1500
RSN_000087,天喜迷你小火鍋,3.8,225586781,AREA_01,南京西路306號,220
RSN_000088,QUICHEZ派出所,4.6,985347011,AREA_04,溫州街74巷14號,170
RSN_000089,街口6號珈啡 Street No.6,4.5,223112252,AREA_05,貴陽街二段6號,350
RSN_000090,銀座越南餐館,4.2,223691733,AREA_00,羅斯福路三段286巷4弄6號,160
RSN_000091,獨特牛排館,4.7,229307729,AREA_11,景美街92號,390
RSN_000092,府香蒸臭豆腐,4.6,225048319,AREA_02,民生東路三段41之1號,100
RSN_000093,Muzeo Gastronomy&Draft,4.4,227525299,AREA_04,忠孝東路四段170巷6弄14號,3000
RSN_000094,銀座杏子日式豬排-信義威秀店,4.1,227223188,AREA_06,松壽路20號2樓,467
RSN_000095,黑老闆胡椒餅,4.4,983817444,AREA_07,基河路1號,770
RSN_000096,小丁豆漿,4.1,228280007,AREA_08,明德路172號,340
RSN_000097,Closet Restaurant & Bar,4.5,227317919,AREA_04,忠孝東路四段101巷15號,500
RSN_000098,星乃珈琲店,3.3,227317912,AREA_02,南京西路12號,400
RSN_000099,雞湯大叔 忠孝店,4.5,227754408,AREA_04,光復南路200巷9號,330
RSN_000100,竹苑shabu,4.7,227713377,AREA_04,大安路一段31巷31號,1200
RSN_000101,川渝小吃坊,4.4,225599101,AREA_01,南京西路18巷6弄8之1號,250
RSN_000102,小憩睡眠咖啡館,4.8,225153220,AREA_02,長春路182-1號,400
RSN_000103,Meat Love橡木炭火韓國烤肉 美麗華店,3.8,285011027,AREA_02,敬業三路20號5樓,600
RSN_000104,黃家香腸,4.6,223097428,AREA_00,泉州街32之3號,30
RSN_000105,東門赤肉羹,4.5,932139491,AREA_00,臨沂街56號,80
RSN_000106,七見櫻堂巧克力甜點專賣店,4.3,233652252,AREA_04,泰順街28號,300
RSN_000107,天外天精製無煙燒肉,4.1,225923400,AREA_02,民權東路一段67號,680
RSN_000108,友達居酒屋,4.4,227780525,AREA_04,延吉街131巷33號,1200
RSN_000109,Hugdayday 烈奶茶,4.6,237652909,AREA_06,基隆路一段165號,50
RSN_000110,瓦崎燒烤火鍋 敦南店,3.5,227525099,AREA_04,敦化南路一段160巷60號,899
RSN_000111,T.G.I.Fridays,4.0,221753358,AREA_02,敬業三路22號2F,600
RSN_000112,老舅的家鄉味,3.8,227181122,AREA_03,復興北路307號,600
RSN_000113,京東燒肉專門店忠孝店,4.2,287738818,AREA_04,忠孝東路四段216巷8弄10號,2000
RSN_000114,小丘chiu,4.5,958030814,AREA_04,泰順街40巷2號,180
RSN_000115,大象吸花生 Elepeanut.8,4.8,225951708,AREA_02,農安街2巷18之23號晴光市場,60
RSN_000116,喬喜蛋炒飯專賣店,3.9,223963554,AREA_00,臨沂街3巷7號,100
RSN_000117,Gonna 共樂遊食．旅．生活,4.5,287939663,AREA_09,石潭路145號,400
RSN_000118,羅本家咖哩,4.7,902198712,AREA_01,長安西路138巷3弄2號,680
RSN_000119,曜日義式餐酒館,4.5,227085910,AREA_04,東豐街53號1樓,500
RSN_000120,不老麻鍋物,4.5,225682100,AREA_02,長安東路二段33號,380
RSN_000121,OTIS Caf'e,4.5,228319191,AREA_07,美德街104號,200
RSN_000122,愛麗絲咖啡廳,4.1,227272609,AREA_06,信義路六段9號,300
RSN_000123,興蓬萊台菜海鮮餐廳,4.2,228771168,AREA_07,中山北路七段55號,500
RSN_000124,Café del SOL,4.2,227228260,AREA_06,忠孝東路五段68號2F,500
RSN_000125,三三活力早餐店,4.2,222345728,AREA_11,木新路三段122號,100
RSN_000126,午甘單brunch,4.8,227013561,AREA_04,通安街7號1樓,350
RSN_000127,創作串燒-野崎,4.7,227790335,AREA_04,忠孝東路四段216巷33弄19號1樓,450
RSN_000128,故意good eat海鮮鍋物,4.0,227783353,AREA_04,復興南路一段107巷5弄13號,890
RSN_000129,森小館,5.0,227632246,AREA_06,忠孝東路四段559巷18號,100
RSN_000130,肉老大 頂級肉品涮涮鍋 錦西店,4.7,225361777,AREA_02,錦西街11號,350
RSN_000131,Saturn Landing Turkish Coffee,4.8,227555108,AREA_04,四維路154巷23號,500
RSN_000132,士林生炒羊肉,3.7,288613476,AREA_07,大東路21之3號,170
RSN_000133,Suki-Ya すき屋 壽喜屋,2.9,277373996,AREA_06,松壽路12號5樓,498
RSN_000134,林東芳牛肉麵,3.8,227522556,AREA_02,安東街4之3號,160
RSN_000135,花甜果室,3.9,227110234,AREA_04,敦化南路一段160巷40號,120
RSN_000136,Stoppage Time 補時,4.5,227366506,AREA_04,和平東路二段96巷15弄30號,350
RSN_000137,蘇阿姨比薩屋,4.1,227402328,AREA_04,光復南路300號,350
RSN_000138,辣中間,4.0,285025665,AREA_02,樂群三路39號,500
RSN_000139,沒事早事坐,4.2,225412001,AREA_02,新生北路二段68巷26號,100
RSN_000140,L.A PHO越南河粉,4.1,227228770,AREA_06,松壽路30號,350
RSN_000141,小蒙牛頂級麻辣養生鍋,4.1,223118333,AREA_00,漢口街一段3號2樓,769
RSN_000142,生活在他方 elsewhere cafe,4.5,233932018,AREA_00,羅斯福路一段119巷3號,150
RSN_000143,為福樓(信義店),4.0,227084242,AREA_04,信義路四段199巷4號,600
RSN_000144,烏石水產火鍋超市(烤)-三創店,4.6,223511268,AREA_00,市民大道三段2號9樓,399
RSN_000145,餵我早餐,3.8,227003658,AREA_04,建國南路二段11巷28之1號,350
RSN_000146,饞哭了煎餅果子,4.3,908885252,AREA_03,南京東路四段133巷8弄1號,60
RSN_000147,韓華園,4.1,225065706,AREA_02,民權東路三段47號1樓,420
RSN_000148,PAULIE'S PIZZA 波利斯美式窯烤披薩,4.5,225458123,AREA_03,慶城街1號4樓,300
RSN_000149,世界的山將,3.9,227651701,AREA_06,忠孝東路五段15巷10號1樓,600
RSN_000150,忻殿堂,4.8,287713936,AREA_04,敦化南路一段160巷12號,600
RSN_000151,初COFFEE&PASTA,5.0,225502330,AREA_01,華陰街94號2樓,200
RSN_000152,窩巷弄,4.1,223630313,AREA_00,羅斯福路四段78巷1弄11號,300
RSN_000153,屋頂上的貓 私廚,4.5,961173451,AREA_06,逸仙路32巷9號,1800
RSN_000154,熹正園東北精緻麵食,4.1,226572766,AREA_09,文德路19號,2300
RSN_000155,佐樂壽司,4.4,227048200,AREA_04,大安路一段192號,3500
RSN_000156,稲町家香料咖哩,4.9,225622050,AREA_02,中山北路二段42巷20號,280
RSN_000157,海石三,4.3,911162226,AREA_02,民生東路二段146號,100
RSN_000158,巧哚洋房餐飲坊,4.8,227783347,AREA_04,仁愛路四段345巷5弄17號,1000
RSN_000159,古早味豆花,4.2,225581800,AREA_01,民生西路210號,50
RSN_000160,Schumann's Bistro No. 6 南京店,5.0,227188108,AREA_03,南京東路三段303巷8弄11號,400
RSN_000161,四鄉五島馬祖麵店,3.8,227715406,AREA_02,遼寧街7號,100
RSN_000162,海天香餃,4.0,223062385,AREA_05,和平西路三段168號,85
RSN_000163,義術家 義大利麵、buffet吃到飽,3.7,227118007,AREA_04,光復南路280巷42號,320
RSN_000164,星野肉肉鍋,4.2,227118005,AREA_00,忠孝西路一段66號B1,290
RSN_000165,WAT Bar,4.2,227205161,AREA_06,信義路五段16號1樓,430
RSN_000166,微風建一食堂,4.1,287722178,AREA_02,八德路二段300巷10號,2500
RSN_000167,鳥心 (原 染乃井),4.3,225215860,AREA_02,南京東路一段31巷6號1樓,300
RSN_000168,108抹茶茶廊 Matcha Saro,4.1,225555785,AREA_01,承德路一段1號B3F,45
RSN_000169,秋紅肚房,4.6,225555785,AREA_00,汀州路三段230巷43號,120
RSN_000170,Drunk Cafe爛醉咖啡,3.9,227318787,AREA_04,光復南路116巷9號,700
RSN_000171,川夜宴無二火鍋樓,4.4,225168550,AREA_02,松江路301號2樓,695
RSN_000172,第一土鵝,4.1,225932844,AREA_01,酒泉街54之1號,100
RSN_000173,怡客咖啡 士林店,3.7,228805920,AREA_07,中正路231號,300
RSN_000174,ELEFUN café 艾楽咖啡,4.7,227322678,AREA_06,基隆路二段39巷4號,100
RSN_000175,沐田No.2-1涮涮工廠,4.6,225598389,AREA_01,南京西路25巷2之1號2、103,500
RSN_000176,好客燒烤 信義店,4.2,227655859,AREA_06,基隆路一段163號,858
RSN_000177,燒桶子韓風立燒,4.4,227219192,AREA_04,延吉街99號,600
RSN_000178,スシロー壽司郎 台灣旗艦店,3.9,223612638,AREA_00,館前路8號2樓,400
RSN_000179,微風松高,4.1,266369959,AREA_06,松高路16號,300
RSN_000180,呷咪,4.2,225772771,AREA_04,市民大道四段179號1樓,100
RSN_000181,魯蛋茶酒館,4.5,225536111,AREA_01,迪化街一段333號,700
RSN_000182,一期一會（鮨),4.5,287706220,AREA_03,長春路438號,1200
RSN_000183,山頭火拉麵,3.8,227317533,AREA_04,忠孝東路三段300號B2樓,250
RSN_000184,激屋居酒屋,4.6,225319210,AREA_02,林森北路119巷77號,1000
RSN_000185,初の鮨,4.4,227206619,AREA_06,莊敬路409號1樓,1000
RSN_000186,森蘭夜食小酒居,4.9,900670178,AREA_02,民權東路一段12巷15號1樓,600
RSN_000187,鍋&Bar精緻鍋物餐酒館,4.9,227718581,AREA_04,敦化南路一段270巷21號1樓,680
RSN_000188,稻香石磨腸粉,4.1,972229309,AREA_02,松江路330巷36之3號,100
RSN_000189,齊民市集火鍋,4.1,223279824,AREA_04,信義路二段158號2樓,300
RSN_000190,牛肆,4.7,905080026,AREA_02,吉林路422號,800
RSN_000191,大直粥品,4.0,225336653,AREA_02,北安路567號,75
RSN_000192,太興茶餐廳 台北店,2.8,223816786,AREA_00,北平西路3號2F,420
RSN_000193,天外天精緻麻辣火鍋,4.0,225963200,AREA_02,民權東路二段1號,870
RSN_000194,果然文創,4.7,225912952,AREA_01,哈密街59巷38弄19號,280
RSN_000195,某某甜點 Quelques Pâtisseries,4.4,227554097,AREA_04,安和路一段102巷23號,250
RSN_000196,滿穗台菜,4.3,225412020,AREA_02,松江路128號,600
RSN_000197,麵屋壹慶,4.6,225412021,AREA_02,雙城街32巷2號,240
RSN_000198,BLAnC 中山,4.6,225681758,AREA_02,中山北路二段36巷7號2樓,500
RSN_000199,陳陽鵝肉大王,4.0,227755252,AREA_04,大安路31巷8號1樓,290
RSN_000200,台北香格里拉遠東國際大飯店,4.3,223788888,AREA_04,敦化南路二段210號6,580
RSN_000201,公雞咖啡,3.8,982081464,AREA_01,南京西路25巷20之5號,290
RSN_000202,月夜岩 蟹懷石,4.6,225859221,AREA_02,雙城街25巷9號1樓,5400
RSN_000203,Nargis 納吉司台北概念茶館,5.0,225642521,AREA_02,民生東路二段127巷10號,130
RSN_000204,矮仔財滷肉飯,4.0,932386789,AREA_08,新市街30號,55
RSN_000205,北極光創意料理,3.6,228367755,AREA_07,中正路208號,250
RSN_000206,Smith & Wollensky 牛排館,4.2,223455647,AREA_06,松智路17號47樓,3300
RSN_000207,貳房苑 Livingreen,4.1,223912866,AREA_04,潮州街76號,200
RSN_000208,Shishlik Pita x Kebab 西西里克中東串燒（餐館店）,4.4,223681600,AREA_00,羅斯福路四段138號2樓,400
RSN_000209,老鼎旺功夫銷魂麵鋪-新光南西店,3.2,225681155,AREA_02,南京西路15號,70
RSN_000210,A.K.12美式小館,4.2,223610136,AREA_05,峨嵋街12號2樓,280
RSN_000211,鍋媽媽,3.9,225314598,AREA_02,天祥路6號,550
RSN_000212,蓮飲料吧,4.3,931169090,AREA_01,寧夏路001攤位,270
RSN_000213,WHY NOT?CURRY,4.9,903206943,AREA_04,通化街101巷2號,2000
RSN_000214,米匠Mi Jian,4.6,906131888,AREA_02,中山北路1段140巷3號,1200
RSN_000215,地中海牛排館 歐華酒店,4.4,225853258,AREA_02,林森北路646號,2500
RSN_000216,大師兄銷魂麵舖,3.6,225235700,AREA_02,中山北路二段42巷36號,250
RSN_000217,不一樣饅頭店,4.0,223917829,AREA_04,金山南路二段149號,100
RSN_000218,阿母的店,4.4,227320751,AREA_04,樂業街146號,200
RSN_000219,沐樺涮涮鍋,4.1,227600985,AREA_03,三民路110巷4號,600
RSN_000220,當歸香當歸豬腳,4.3,223046147,AREA_05,華西街131號,399
RSN_000221,願有記,4.4,287328282,AREA_04,復興南路二段340巷7號1樓,70
RSN_000222,火鍋106-粵式豬肚雞煲鍋光復店,4.4,227216008,AREA_04,光復南路240巷5號,800
RSN_000223,十二粵,4.0,281018298,AREA_06,信義路五段7號4樓,700
RSN_000224,崧割烹,4.9,228330057,AREA_07,福華路157巷5號,1500
RSN_000225,山男,4.7,227780978,AREA_04,光復南路260巷34號一樓,550
RSN_000226,大村武串燒居酒屋-忠孝店(梅酒專門),5.0,227118883,AREA_04,忠孝東路四段223巷52號,420
RSN_000227,雷咖哩 Les Currys,4.7,227004175,AREA_04,復興南路二段160巷11號1樓,200
RSN_000228,DOTEL Coffice Ximen 西門町手沖咖啡館,4.8,223711225,AREA_05,雅江街2號,130
RSN_000229,Le Park Cafe公園咖啡館,4.4,227198880,AREA_02,遼寧街146號,400
RSN_000230,元食cafe,4.8,287898953,AREA_06,逸仙路42巷17號,1440
RSN_000231,天然臺湘菜館,3.9,223911831,AREA_00,羅斯福路一段61號,500
RSN_000232,鼎旺麻辣鍋-2店,4.3,227044172,AREA_04,大安路一段229號,600
RSN_000233,慶城海南雞飯,4.3,287121200,AREA_03,慶城街16巷8號,115
RSN_000234,GUMGUM Beer & Wings 餐酒,4.6,227585987,AREA_06,光復南路473巷11弄38號,1000
RSN_000235,福天下-福州料理私房菜,4.4,287722729,AREA_04,敦化南路一段232巷8號,500
RSN_000236,米屋珈琲 Miuya Cafe,4.1,227067067,AREA_04,文昌街49號,300
RSN_000237,頤宮中餐廳 君品酒店,4.5,221819950,AREA_01,承德路一段3號17樓,1800
RSN_000238,瀧厚鍋物-火鍋 敦北店,4.4,227188805,AREA_03,民生東路四段56巷1弄1號,600
RSN_000239,ABCD . A Better Coffee & Doughnut,4.6,225580678,AREA_01,南京西路18巷4弄8號,190
RSN_000240,浪浪別哭,4.6,223560766,AREA_00,林森北路9巷13號,300
RSN_000241,三兄弟韓式碳烤,4.2,225013040,AREA_02,農安街233號,699
RSN_000242,樂崎火鍋-萬華店,4.5,223010621,AREA_05,東園街68號,300
RSN_000243,賴桑香腸,4.4,935815168,AREA_11,木柵路五段18號,440
RSN_000244,法國廚師的甜點,4.8,936811888,AREA_03,延壽街89號,230
RSN_000245,滷肉控,4.2,227580072,AREA_06,逸仙路42巷11號,178
RSN_000246,Buckskin Yakiniku 柏克金燒肉屋,4.0,225210882,AREA_02,南京東路二段1號2樓,500
RSN_000247,光司DATE,4.4,970521201,AREA_04,信義路四段60之1號,900
RSN_000248,水礦Restaurant & Cafe,4.6,908790805,AREA_04,大安路一段19巷4號,300
RSN_000249,江偉銓是小鮮肉包,5.0,908787077,AREA_04,大安路一段19巷5號,8700
RSN_000250,洪爺麻辣鴛鴦鍋 復興店,4.8,227077577,AREA_04,復興南路二段144之3號,600
RSN_000251,"怪獸炸雞公司-台北信義店 Monster Fried Chicken, Inc.",4.9,970777107,AREA_06,松山路541巷14弄1號,140
RSN_000252,正饌素食,4.4,225175138,AREA_02,遼寧街152號,125
RSN_000253,PIZZERIA OGGI 天母店,4.4,228343886,AREA_07,德行西路19號,330
RSN_000254,老師好羊肉爐,4.5,227030927,AREA_04,光復南路446號No,500
RSN_000255,吉可頌丹麥專門店,4.7,223250324,AREA_04,安和路二段35巷5號,200
RSN_000256,松薇食品有限公司PINE&ROSE,4.7,223569938,AREA_04,麗水街28-1號,180
RSN_000257,Wildwood Live Fire Cuisine,4.0,227228886,AREA_06,松壽路9號,240
RSN_000258,Hi-Q褐藻生活館x鱻食,4.6,227470028,AREA_03,八德路四段123之1號1樓,300
RSN_000259,蘑菇咖啡,4.1,225525552,AREA_01,南京西路25巷18之1號2樓,300
RSN_000260,大直典華,3.8,285025555,AREA_02,植福路8號,499
RSN_000261,勝鮨 日本料理,4.5,225172073,AREA_02,興安街47號,880
RSN_000262,烤師傅,4.0,227466632,AREA_06,永吉路30巷151弄2之1號,99
RSN_000263,呷七碗 台北永康店,4.5,277448979,AREA_04,永康街13巷1號B1,300
RSN_000264,Soban小班韓式料理,3.8,227218252,AREA_04,延吉街131巷3號1樓,500
RSN_000265,Caffe’ Rue 路口加啡,4.5,288666967,AREA_07,中山北路6段35巷2號1樓,190
RSN_000266,米食林 Ms.Lin Cafe—松山網美餐廳|必吃甜點|下午茶|咖啡店|早午餐|美食推薦,5.0,227615862,AREA_03,南京東路五段59巷30弄8號1樓,350
RSN_000267,鯉魚 The Carp,4.3,225577660,AREA_01,迪化街一段169號,300
RSN_000268,幸福肥計劃咖啡店,5.0,227830602,AREA_10,園區街6之7號,450
RSN_000269,大王麻辣乾麵 KingSpicy,3.9,227369797,AREA_06,吳興街118巷25弄12號,80
RSN_000270,Russell Restaurant,4.4,228626617,AREA_07,國泰街9號,1000
RSN_000271,台南滷三塊,4.2,228289388,AREA_08,承德路七段100號,100
RSN_000272,斯泊町Sparkling氣泡飲專賣,5.0,225031516,AREA_02,松江路297巷12號1樓,200
RSN_000273,味鼎蛋餅,4.1,227723685,AREA_02,龍江路21巷3號,120
RSN_000274,漁陶屋,3.8,225856383,AREA_01,承德路三段206之1號,450
RSN_000275,小象廚房yumyum,4.4,906058066,AREA_01,重慶北路三段278號,120
RSN_000276,銅盤嚴選韓式烤肉,3.7,223452788,AREA_06,忠孝東路五段8號,450
RSN_000277,朝鑫壽司 (朝日壽司),4.7,223651595,AREA_00,羅斯福路三段84巷2號,310
RSN_000278,好記擔仔麵,4.1,225215999,AREA_02,吉林路79號,450
RSN_000279,穿越九千公里交給你,4.1,972299822,AREA_03,民權東路三段160巷19弄16號,300
RSN_000280,林家蔬菜羊肉爐,4.2,225925174,AREA_02,吉林路327號,700
RSN_000281,become 早午餐,4.2,227008200,AREA_04,信義路四段30巷50弄3號,430
RSN_000282,Ikinari Steak,4.1,227820087,AREA_10,忠孝東路7段369號B棟1樓,700
RSN_000283,MISO東京風日本料理,3.9,225583056,AREA_01,承德路一段1號4樓,500
RSN_000284,上吉燒肉,4.9,287725765,AREA_04,延吉街131巷41號,1000
RSN_000285,窩窩wooo,4.2,225552056,AREA_01,民生西路404號,120
RSN_000286,饒河夜市,4.2,227635733,AREA_03,八德路四段,50
RSN_000287,Hërs biströ她/的餐酒,4.1,227469892,AREA_06,忠孝東路四段553巷22弄4號,280
RSN_000288,私廚房 Snuggles Kitchen,4.6,916682230,AREA_07,天母東路8巷21號之6號,125
RSN_000289,Ratio Coffee,4.5,227660138,AREA_10,富康街5號,330
RSN_000290,幸福的一天 happiness day,4.6,227472047,AREA_03,光復北路11巷91號,220
RSN_000291,Little Sprout 小初芽,4.2,227949094,AREA_09,金湖路57號,500
RSN_000292,LILI KOKO Coffee,4.7,976941120,AREA_07,延平北路八段2巷200弄101號,300
RSN_000293,肉多多火鍋,4.4,287851138,AREA_06,忠孝東路五段783號,299
RSN_000294,陳鐵心,3.8,227030039,AREA_04,仁愛路四段266巷15弄6號1樓,135
RSN_000295,石石香拌,3.4,223145256,AREA_04,北平西路3號2樓,249
RSN_000296,Mr.雪腐 公館店,4.6,223635200,AREA_00,羅斯福路三段244巷21號,80
RSN_000297,阿毛石鍋燉飯,3.0,223888098,AREA_05,武昌街二段48之1號,250
RSN_000298,妙口肉包四神湯,4.1,910782007,AREA_01,迪化街一段120號,80
RSN_000299,葉家肉粥,4.2,916836699,AREA_01,保安街49巷17號,130
RSN_000300,江偉銓之炸雞腿大師,1.0,916836700,AREA_01,保安街49巷18號,8000
RSN_000301,H雞腿大師,4.3,928880015,AREA_01,保安街49巷17號前,60
RSN_000302,許仔豬腳麵線,4.3,225534364,AREA_01,保安街49巷17號,100
RSN_000303,どん亭 Don Tei,4.2,225815997,AREA_02,中山北路一段152號2樓,1000
RSN_000304,Vic's Dessert Boutique | 維克甜品,5.0,225815992,AREA_02,中山北路二段27巷7之1號,400
RSN_000305,本家長壽村,4.3,227094491,AREA_04,仁愛路四段266巷8弄2號,590
RSN_000306,大河屋 燒肉丼 串燒-統一時代店,4.5,227293778,AREA_06,忠孝東路五段8號B2,230
RSN_000307,Flügel studio,4.4,965856588,AREA_04,辛亥路一段34巷3號,300
RSN_000308,GB鮮釀餐廳 GORDON BIERSCH,4.2,287867588,AREA_06,松壽路11號,880
RSN_000309,秀食屋Shows House 關東煮專賣店,4.7,985889361,AREA_00,汀州路三段227號,100
RSN_000310,來碗Laksa,4.2,223587165,AREA_00,濟南路二段60之5號,150
RSN_000311,阿男麻油雞,4.3,955572506,AREA_00,中華路二段311巷320號,150
RSN_000312,感恩麵食,4.3,228617994,AREA_07,光華路26巷2弄4號,100
RSN_000313,老鐵們炭火三明治,4.3,937891115,AREA_04,通化街39巷43號,150
RSN_000314,林家牛肉麵,4.2,922163609,AREA_06,吳興街281巷9號,200
RSN_000315,222 雞蛋糕,4.2,922163639,AREA_04,復興南路二段368號,200
RSN_000316,Sweet Tooth,4.1,227589488,AREA_06,光復南路421巷9號,190
RSN_000317,HIVE 巢 • 餐廳,4.6,287860020,AREA_06,逸仙路42巷19號,350
RSN_000318,黃亞細肉骨茶 台北三越南西店,4.1,225215777,AREA_02,南京西路12號5樓,265
RSN_000319,台灣松屋台北西門町店,3.0,225215778,AREA_05,漢中街157號1樓,490
RSN_000320,羴一羴蒙古炭烤羊腿 長安店,4.2,225683313,AREA_02,長安東路一段95號,500
RSN_000321,丼賞和食x嗨蝦蝦三杯醉蝦石頭鍋,5.0,225235510,AREA_02,林森北路381號2樓,1680
RSN_000322,東京一軒,3.6,227007689,AREA_04,通安街62號,139
RSN_000323,貳拾陸巷(Somebody),4.2,223112371,AREA_05,成都路65號2樓,300
RSN_000324,白水豆花 台北永康店,4.0,223926707,AREA_04,永康街31巷9號1樓,65
RSN_000325,璞豆咖啡.日常,4.7,223689466,AREA_04,溫州街66號,300
RSN_000326,天丼てんや,3.8,223110869,AREA_00,忠孝西路一段36號B1,330
RSN_000327,吳家牛肉麵,4.0,228923686,AREA_08,中央北路一段222號,240
RSN_000328,馬李王早午餐（寵物友善）,4.6,908517686,AREA_02,中原街34號,300
RSN_000329,富宏牛肉麵,4.3,223713028,AREA_05,洛陽街69號,160
RSN_000330,VEGE TEJI YA 菜豚屋,4.2,227788055,AREA_03,八德路二段410巷16弄8號,700
RSN_000331,YABI KITCHEN,4.3,227291381,AREA_06,松智路17號2樓,600
RSN_000332,怪獸小雞排,4.7,228838883,AREA_07,小東街19號,150
RSN_000333,八海精緻鍋物料理,4.3,223616286,AREA_05,西寧南路72之1號,650
RSN_000334,孔陵一隻雞,3.6,227818181,AREA_04,大安路一段83巷14號,350
RSN_000335,狸小路居酒屋,4.3,287328555,AREA_04,安和路二段93號,1000
RSN_000336,遠東Café (香格里拉遠東飯店),4.1,277112080,AREA_04,敦化南路二段201號6樓,1000
RSN_000337,犀牛犀牛肉蛋吐司捲餅專賣店,4.0,225065550,AREA_02,伊通街68號,95
RSN_000338,百合起酥蛋糕專賣店,4.1,228320609,AREA_07,中正路218號,230
RSN_000339,花嘴廚房,4.3,223616998,AREA_05,昆明街214之1號,135
RSN_000340,大和徐師傅燒餅大王,3.3,935560270,AREA_04,臥龍街151巷35號,50
RSN_000341,黑麻糬,4.3,227773652,AREA_02,龍江路55巷21號遼寧街2號攤販,100
RSN_000342,牡丹 天ぷら｜頂級天婦羅,4.7,227068699,AREA_04,四維路52巷17號,100
RSN_000343,美鄉拉麵屋,4.4,227086515,AREA_04,建國南路二段151巷53號,250
RSN_000344,Irodori 彩日本料理 (君悅酒店),4.0,227201230,AREA_06,松壽路2號3樓,1500
RSN_000345,大橋頭米糕,4.4,225944685,AREA_01,延平北路三段41號,80
RSN_000346,龍來果汁,4.6,223085880,AREA_05,廣州街88號,80
RSN_000347,136海鮮麵,3.9,227060636,AREA_04,瑞安街75號,230
RSN_000348,焼肉ライク 燒肉LIKE,4.2,225500329,AREA_01,承德路一段1號,510
RSN_000349,DEJIA得嘉野餐廚房,4.3,223887518,AREA_05,昆明街278號,160
RSN_000350,Ombré,4.3,227078884,AREA_04,復興南路二段130之1號2號柚木旁樓,1000
RSN_000351,通庵熟成咖喱,4.4,928216527,AREA_04,通安街115號,230
RSN_000352,肉多多火鍋-古亭旗艦店,4.3,223632323,AREA_04,羅斯福路二段79號3樓,600
RSN_000353,Buttermilk,4.1,225652898,AREA_02,中山北路二段57之1號,400
RSN_000354,有幸福Cafe,3.8,228821521,AREA_07,美德街21號,400
RSN_000355,泰昌餅家 信義新光A8店,4.0,228821528,AREA_06,忠孝東路五段8號B2,700
RSN_000356,Naked Deli 三明治實驗室,4.1,226275648,AREA_09,內湖路一段203巷7號,450
RSN_000357,饗瘦鐵板燒,4.9,966600178,AREA_03,敦化北路165巷14號1樓,680
RSN_000358,樂福銀河鐵道餐廳,4.2,277060800,AREA_02,敬業三路123號5樓,400
RSN_000359,Podium 無菜單料理,3.9,228835720,AREA_07,中正路209號2樓,1000
RSN_000360,焱鬼鍋燒專門店,3.9,229365566,AREA_11,木新路二段252號,150
RSN_000361,大俠請留步,4.8,228835268,AREA_07,文林路188號,240
RSN_000362,Lady nara 台北統一時代店,4.3,227201519,AREA_06,忠孝東路五段8號3樓,500
RSN_000363,樂天皇朝,4.3,227201578,AREA_02,敬業三路123號3樓,290
RSN_000364,豐盛號 二號店,4.2,225867070,AREA_02,雙城街18巷13號,200
RSN_000365,隨主飡法式水煮專賣-台北小巨蛋總店,4.4,916817553,AREA_03,敦化北路120巷7弄5號,200
RSN_000366,Big table,4.3,227088577,AREA_04,信義路四段30巷34號,300
RSN_000367,八海精緻鍋物 西門店,4.2,223616286,AREA_05,西寧南路72之1號6F,700
RSN_000368,帝國會館 華國大飯店,4.1,223616290,AREA_02,林森北路600號,430
RSN_000369,聚樂町日式居酒屋,4.5,223316996,AREA_05,武昌街二段99號,900
RSN_000370,龍袍加身腸粉 台北永吉店,3.9,227653765,AREA_06,永吉路30巷157弄13號,90
RSN_000371,心月懷石日本料理,4.5,287807756,AREA_06,信義路四段466號,1900
RSN_000372,瞞著爹丼飯,3.7,287518553,AREA_09,港墘路127巷3號,400
RSN_000373,明水然鍋物。鐵板燒,4.5,285027019,AREA_02,明水路646號,600
RSN_000374,Cin Cin Osteria 請請義大利餐廳,4.4,227122050,AREA_03,慶城街16巷16號,500
RSN_000375,鍋大人 大安店,4.1,227791012,AREA_04,敦化南路一段160巷32之1號,250
RSN_000376,西園橋下蚵仔湯,4.3,223025974,AREA_05,西園路一段258之5號,70
RSN_000377,雞二拉麵 師大店,3.8,223628672,AREA_04,羅斯福路三段139號,189
RSN_000378,生活域所 | A Living Labb,4.9,227329908,AREA_06,信安街56號,260
RSN_000379,板前屋炭火鰻魚飯,4.5,958787898,AREA_10,研究院路一段88號,550
RSN_000380,滿漢爐魚,4.5,225775875,AREA_03,光復南路54號1樓,700
RSN_000381,三上咖哩,4.4,227416460,AREA_04,大安路一段19巷3號,300
RSN_000382,一条通 士林門市,3.5,228816681,AREA_07,文林路434號,430
RSN_000383,小吉市場,4.7,935504665,AREA_00,南昌路二段111號,230
RSN_000384,標點符號創意早午餐,4.6,223317995,AREA_05,西昌街49號1樓,200
RSN_000385,特有種商行,4.4,223411785,AREA_00,臨沂街27巷4之1號,350
RSN_000386,可蜜達吐司（北門店）,4.5,916678489,AREA_00,中華路一段21巷14號,100
RSN_000387,petit doux．微兜 Café Bistro,5.0,277290009,AREA_01,承德路一段1號1樓,350
RSN_000388,好客酒吧燒烤,4.2,287728832,AREA_04,忠孝東路四段98號11樓,858
RSN_000389,K-Cafe,4.2,227082798,AREA_04,敦化南路一段291號,300
RSN_000390,卡滋日式咖哩炸豬排專賣店,4.3,227487767,AREA_03,八德路四段277之1號,350
RSN_000391,The Misanthrope Society 厭世會社,4.8,223654535,AREA_00,羅斯福路四段40巷1之2號,500
RSN_000392,碼頭老火鍋,4.8,227752115,AREA_04,仁愛路四段409之1號,850
RSN_000393,瓦法奇朵,4.2,223110215,AREA_00,信陽街29號,400
RSN_000394,P&C Boutique Cafe,4.4,228891605,AREA_01,赤峰街28之4號,300
RSN_000395,春日甜Café,4.4,225678017,AREA_02,中山北路二段27巷14號,600
RSN_000396,1+1鍋物,4.7,227112179,AREA_04,忠孝東路四段216巷32弄1號1樓,400
RSN_000397,江偉銓很義大利,0.0,227112143,AREA_04,忠孝東路四段216巷32弄1號87樓,9800
RSN_000398,夢鹿咖啡 by tame moose,4.0,227112180,AREA_01,建泰里南京西路18巷6弄6號1樓,350
RSN_000399,初魚鐵板燒,4.3,227112181,AREA_04,泰順街42號,1210
RSN_000400,隱家拉麵,4.6,227112182,AREA_07,中山北路五段505巷1號,300
RSN_000401,狗一下居食酒屋 西門店,3.1,227112183,AREA_05,西寧南路34號1樓,450
RSN_000402,3 idiots toast＆curry 三個傻瓜,4.5,227112184,AREA_06,松壽路12號4樓,500
RSN_000403,深夜裡的法國手工甜點,3.8,227112185,AREA_00,南昌路二段203號2樓之3,200
RSN_000404,TAEBAK 大發韓式特色料理 東區店,4.3,227112186,AREA_04,延吉街160巷9號,700
RSN_000405,WakuWaku Burger,4.6,227112187,AREA_06,吳興街117號1樓,300
RSN_000406,好好食房 Soup Up,4.1,227112188,AREA_09,瑞光路583巷22號1樓,220
RSN_000407,石川日式食堂,4.3,227112189,AREA_11,景華街60號,650
RSN_000408,真福記 脆皮烤鴨,4.0,227112190,AREA_03,健康路3巷2號,700
RSN_000409,上信饌玉 永康店,4.7,227112191,AREA_04,永康街12巷4號,400
RSN_000410,佐藤咖哩,4.3,227112192,AREA_04,復興南路一段92之1號,200
RSN_000411,誠記越南麵食館,3.8,227112193,AREA_04,永康街6巷1號,199
RSN_000412,Ed's Diner,4.3,227112194,AREA_02,樂群二路216號1f,450
RSN_000413,安東建一水產,4.4,227112195,AREA_02,安東街4-1號,300
RSN_000414,川賀燒烤居酒屋,4.3,227112196,AREA_02,合江街92號,2000
RSN_000415,汆食.作伙鍋,4.6,227112197,AREA_02,中山北路三段26號1樓,350
RSN_000416,大黑深夜板前鮨無菜單料理壽司吧,4.3,227112198,AREA_03,市民大道四段177號,1500
RSN_000417,阿川蚵仔麵線,4.4,227112199,AREA_01,民生西路198之17號,60
RSN_000418,ABV Bar & Kitchen 酒精濃度 地中海餐廳,4.4,227112200,AREA_04,光復南路260巷39號,450
RSN_000419,別所 shelter,4.1,227112201,AREA_01,承德路三段51巷18號,250
RSN_000420,MaMaDay 嘛嘛地,4.1,227112202,AREA_03,南京東路四段75巷14弄1號,400
RSN_000421,牛爸爸牛肉麵,4.1,227112203,AREA_09,民權東路六段149號,1500
RSN_000422,蘭芳麵食館,4.2,227112204,AREA_02,遼寧街95號,300
RSN_000423,甘牌燒味 台灣 Kam's Roast Taiwan,4.1,227112205,AREA_06,市府路45號B1,350
RSN_000424,COFE bar 喫咖啡吧,4.6,227112206,AREA_01,迪化街一段248號,200
RSN_000425,共楽 Gung Lok Union Grocery,3.8,227112207,AREA_01,赤峰街22號,277
RSN_000426,陳季炸雞,4.7,227112208,AREA_08,裕民一路12號,1200
RSN_000427,牛媽媽沙茶牛肉,3.3,227112209,AREA_01,寧夏路50號,65
RSN_000428,瓦崎燒烤,3.1,227112210,AREA_00,汀州路三段299號,489
RSN_000429,NoName咖哩カレーライス專門店,4.4,227112211,AREA_04,信義路三段166巷6弄4號,200
RSN_000430,HÒU TOAST and COFFEE 厚吐司.咖啡手作專門,4.9,227112212,AREA_04,信義路四段151號,200
RSN_000431,小珍珠烘焙坊,4.2,227112213,AREA_04,金華街243巷25號,400
RSN_000432,Purebread Bakery,4.5,227112214,AREA_04,四維路154巷15號,400
RSN_000433,海底撈火鍋 慶城店,4.6,227112215,AREA_03,慶城街1號,399
RSN_000434,金仙一品魯肉飯,3.8,227112216,AREA_02,錦州街453號,120
RSN_000435,台北晶華酒店 Regent Taipei,4.4,227112217,AREA_02,中山北路二段39巷3號,36650
RSN_000436,好好文化創意We&Me Cafe,4.2,227112218,AREA_06,基隆路一段188之2號,400
RSN_000437,我家客家小館,4.2,227112219,AREA_08,中央南路二段14之1號,400
RSN_000438,虎次郎日式炸牛排,4.3,227112220,AREA_00,忠孝西路一段66號,250
RSN_000439,威尼斯義大利餐廳,4.3,227112221,AREA_02,松江路235巷19號1樓,350
RSN_000440,Drip Cafe 好滴咖啡,3.5,227112222,AREA_00,南陽街1號2樓,400
RSN_000441,寅樂屋,4.2,227112223,AREA_04,延吉街294號,200
RSN_000442,MaMa's 鐵鍋早午餐,4.6,227112224,AREA_03,南京東路四段133巷8弄3號,220
RSN_000443,阿剛泰式主題餐廳,2.9,227112225,AREA_00,汀州路三段150號,420
RSN_000444,阿伯蛋包麵,4.4,227112226,AREA_05,雙園街88號,100
RSN_000445,VEGETEJIYA 菜豚屋,4.1,227112227,AREA_02,林森北路119巷67號,900
RSN_000446,下港吔羊肉專賣店,4.3,227112228,AREA_02,天祥路18號,300
RSN_000447,小涼院霜淇淋專門店,4.5,227112229,AREA_04,復興南路二段148巷34號,100
RSN_000448,Fika Fika Cafe 內湖店,4.4,227112230,AREA_09,陽光街321巷40號,380
RSN_000449,S Restaurant & Bar (HYG北歐美饌),3.9,227112231,AREA_03,敦化北路150號,700
RSN_000450,老程麵店,4.1,227112232,AREA_01,延平北路三段152號,110
RSN_000451,Alleycat's 京站店QSquare,3.6,227112233,AREA_01,承德路一段1號,400
RSN_000452,港點大師 台北三創店,4.3,227112234,AREA_02,市民大道三段2號,800
RSN_000453,一茗糖 Sugar M 小巨蛋店,5.0,227112235,AREA_03,南京東路四段133巷8弄2號,40
RSN_000454,HERE & THERE,4.5,227112236,AREA_01,延平北路二段62號,250
RSN_000455,財神台南擔仔麵,3.8,227112237,AREA_03,新中街6巷1號,200
RSN_000456,阿蘭大鼎魩仔魚蛋炒飯,3.5,227112238,AREA_01,保安街49巷17號,100
RSN_000457,SoShow Bar & Restaurant,4.6,227112239,AREA_02,中山北路一段47號2F,500
RSN_000458,社子古早味豆花,4.6,227112240,AREA_07,社正路5號,30
RSN_000459,昭和冰室,4.2,227112241,AREA_04,文昌街47號1F,250
RSN_000460,唐點小聚市民店,4.2,227112242,AREA_04,市民大道四段102號,500
RSN_000461,紅橘子精緻早午餐．延吉店,3.6,227112243,AREA_04,延吉街259號,600
RSN_000462,飯Bar,4.2,227112244,AREA_09,內湖路一段360巷2號,800
RSN_000463,龍記搶鍋麵,4.1,227112245,AREA_00,衡陽路84巷5號,100
RSN_000464,麵食士林,3.4,227112246,AREA_07,美德街68號,300
RSN_000465,Cuiqu Coffee奎克咖啡 - 台北忠孝店,3.9,227112247,AREA_04,忠孝東路四段216巷11弄8號,150
RSN_000466,鍋+ SHABU,4.6,227112248,AREA_07,福國路47巷2之1號,700
RSN_000467,凪ラーメン豚王拉麵,4.2,227112249,AREA_05,漢中街52號6樓,250
RSN_000468,胡同燒肉,4.4,227112250,AREA_04,敦化南路一段161巷17號,2200
RSN_000469,大發生猛海鮮餐廳,3.9,227112251,AREA_08,裕民二路60號,200
RSN_000470,MAD KITCHEN 吃狂 創意料理,4.3,227112252,AREA_02,復興北路202號,100
RSN_000471,Kimukatsu晴木千層豬排,3.6,227112253,AREA_06,松智路17號5樓,500
RSN_000472,李家榕樹下快炒,4.0,227112254,AREA_04,嘉興街382巷2號,800
RSN_000473,TGB很牛炭燒牛排 台北東興店,4.3,227112255,AREA_03,東興路18號,700
RSN_000474,戰醬燒肉,4.5,227112256,AREA_02,雙城街17巷13-3號,799
RSN_000475,新東街口 精緻火鍋,5.0,227112257,AREA_03,民生東路五段205號,3400
RSN_000476,James House (coffee),4.6,227112258,AREA_04,安和路一段127巷5號,100
RSN_000477,天丼てんや 微風北車店,4.1,227112259,AREA_00,北平西路3號2樓,200
RSN_000478,豆燕山-民權店,5.0,227112260,AREA_09,民權東路六段90巷5弄2號,60
RSN_000479,Andrew Frank Café,4.7,227112261,AREA_04,復興南路二段128巷4號1樓,500
RSN_000480,水戶懷石日本料理,4.1,227112262,AREA_02,吉林路16號,500
RSN_000481,重點 El punto 南美風情臻品料理,4.8,227112263,AREA_04,仁愛路四段345巷4弄12號,550
RSN_000482,齋之傳說素食餐廳永吉店,4.1,227112264,AREA_06,永吉路30巷157弄5號,130
RSN_000483,佐賀丼飯專家-信義永吉,4.0,227112265,AREA_06,永吉路30巷102弄13號,95
RSN_000484,台灣第一家鹽酥雞,4.1,227112266,AREA_09,內湖路一段737巷29號,100
RSN_000485,福德涼麵,3.9,227112267,AREA_02,興安街76號,95
RSN_000486,凱古早味鍋燒麵,4.1,227112268,AREA_06,吳興街8巷5號,100
RSN_000487,台灣人ㄟ甜甜圈,3.4,227112269,AREA_01,華陰街183號,25
RSN_000488,季吉GG韓國餐館,4.3,227112270,AREA_03,民生東路四段56巷3弄16號,200
RSN_000489,āmra,4.1,227112271,AREA_03,復興北路81巷20號,300
RSN_000490,Ma C So Yo 築夢韓食,4.7,227112272,AREA_02,中山北路一段121巷15號,450
RSN_000491,Bagel Bagel Cafe & Bar,4.3,227112273,AREA_02,南京東路二段125號B1,600
RSN_000492,AL REVÉS 餐廳 。 顛倒restaurant,4.3,227112274,AREA_05,昆明街131號,150
RSN_000493,逗豆舖,4.5,227112275,AREA_04,和平東路二段118巷54弄21號,50
RSN_000494,泰廚世家,4.3,227112276,AREA_03,延壽街89號,2000
RSN_000495,Humble beginnings Café - Taipei 亨寶咖啡,4.0,227112277,AREA_07,中山北路七段36之1號,300
RSN_000496,上島珈琲店 誠品站前店,4.0,227112278,AREA_00,忠孝西路一段49號,230
RSN_000497,微兜 Petit Doux咖啡小酒館,4.3,227112279,AREA_04,信義路二段198巷7之3號,380
RSN_000498,La Farfalla 義式餐廳,4.1,227112280,AREA_06,松高路18號6樓號,1800
RSN_000499,黃龍莊,4.0,227112281,AREA_00,牯嶺街43號,250
RSN_000500,弘燒肉丼,4.8,227112282,AREA_04,信義路四段265巷31弄1號1樓,430
RSN_000501,BREMEN 不萊梅 圓山店,4.2,227112283,AREA_01,酒泉街36號,200
RSN_000502,Coppii Lumii living coffee 冉冉生活,4.2,227112284,AREA_02,龍江路298巷23號,400
RSN_000503,旗魚新竹米粉,4.2,227112285,AREA_01,延平北路三段85號3號,500
RSN_000504,八斤所8Jin Café,4.1,227112286,AREA_01,寧夏路87號1樓,520
RSN_000505,肉多多火鍋 天母店,4.3,227112287,AREA_07,德行東路228號1樓,500
RSN_000506,EAT PLUS 玩食家,4.5,227112288,AREA_07,忠誠路二段154巷7號一樓,200
RSN_000507,Engolili 英格莉莉 誠品南西店,4.4,227112289,AREA_01,南京西路14號3樓,500
RSN_000508,YumYum Deli,3.8,227112290,AREA_04,忠孝東路四段216巷32弄12號,350
RSN_000509,小霸王麵線,4.1,227112291,AREA_06,永吉路409號,700
RSN_000510,老同安小酒館,4.9,227112292,AREA_00,同安街24號,500
RSN_000511,福來早餐芝山店,4.0,227112293,AREA_07,福華路128巷3弄1號,90
RSN_000512,180度C蜜酥雞排,4.6,227112294,AREA_05,貴陽街二段77號,120
RSN_000513,云滇雲南過橋米線,3.9,227112295,AREA_04,忠孝東路四段49巷4弄14號,220
RSN_000514,雄記蔥抓餅,4.4,227112296,AREA_00,羅斯福路四段108巷2號,270
RSN_000515,Old Seat Restaurant.Cafe 川酒＆咖啡,4.6,227112297,AREA_04,忠孝東路四段101巷29號1樓,750
RSN_000516,福昌羊肉-台北信義店,4.9,227112298,AREA_06,松隆路62號,390
RSN_000517,廖家牛肉麵,4.1,227112299,AREA_04,金華街98號,250
RSN_000518,Rilakkuma Café 拉拉熊咖啡廳,4.2,227112300,AREA_04,忠孝東路四段248巷3號,1056
RSN_000519,草原風蒙古火鍋,4.5,227112301,AREA_07,後港街35號,800
RSN_000520,Garden Kitchen 台北萬豪酒店,4.4,227112302,AREA_02,樂群二路199號,1500
RSN_000521,一號糧倉 樂埔町,4.5,227112303,AREA_03,八德路二段346巷3弄2號,1000
RSN_000522,天干物燥-老子今天吃火鍋,4.7,227112304,AREA_02,松江路38巷2號,800
RSN_000523,韓式辣炒年糕海苔飯捲專賣店,3.4,227112305,AREA_05,中華路一段144號,300
RSN_000524,檀島香港茶餐廳,3.4,227112306,AREA_06,松壽路11號b1號,430
RSN_000525,飯BAR Station 信義微風店,4.5,227112307,AREA_06,忠孝東路五段68號4F,600
RSN_000526,名傳鵝肉,3.5,227112308,AREA_08,石牌路二段183號,100
RSN_000527,祥和蔬食精緻料理,4.5,227112309,AREA_00,鎮江街1巷1號,300
RSN_000528,香頌私宅會館,3.9,227112310,AREA_02,建國北路二段52號,2200
RSN_000529,慶三號烤肉倉庫早午餐,4.1,227112311,AREA_00,金門街2之3號,120
RSN_000530,YumYum 好吃好吃2號店,4.2,227112312,AREA_00,羅斯福路三段316巷16號2樓,380
RSN_000531,A Cut steakhouse (國賓大飯店),4.5,227112313,AREA_02,中山北路二段63號B1,2500
RSN_000532,香港私宅打邊爐,4.1,227112314,AREA_02,長安東路二段174之1號2樓,800
RSN_000533,a day 日常生活咖啡,4.3,227112315,AREA_04,忠孝東路三段217巷8弄20之1號,140
RSN_000534,肉多多火鍋 大安信義店,4.5,227112316,AREA_04,信義路四段199巷18號,300
RSN_000535,赤雞雞排,4.5,227112317,AREA_00,中山北路一段42號,130
RSN_000536,潔果物語義式廚房Fruit Talk Pasta,4.4,227112318,AREA_10,永吉路541號,500
RSN_000537,蘭苑私廚 Orchid Court,4.8,227112319,AREA_00,金華街30巷1號,2750
RSN_000538,Fa cafe 天母店,4.3,227112320,AREA_07,中山北路七段14巷6號,600
RSN_000539,匠壽司,4.5,227112321,AREA_02,建國北路一段68號,1200
RSN_000540,珠寶盒法式點心坊,4.2,227112322,AREA_04,安和路二段209巷10號,300
RSN_000541,兩餐韓國年糕火鍋-忠孝店,3.9,227112323,AREA_04,忠孝東路四段98號3樓,405
RSN_000542,Burger & Co,4.1,227112324,AREA_04,通安街49號,250
RSN_000543,洋城義大利餐酒館 內湖家樂福店,4.7,227112325,AREA_09,民善街88號1樓,380
RSN_000544,上善豆家 DeliSoys,4.1,227112326,AREA_04,復興南路一段107巷16號,380
RSN_000545,新高軒,4.0,227112327,AREA_04,市民大道四段8號,300
RSN_000546,杜佬大手作弁當,4.1,227112328,AREA_06,忠孝東路四段559巷16弄15號,99
RSN_000547,天下佈武,3.7,227112329,AREA_04,師大路50號,30
RSN_000548,紅螞蟻平價鐵板燒,3.8,227112330,AREA_04,臨江街7號,180
RSN_000549,蚵仔麵線佳鑫檸檬,4.4,227112331,AREA_00,泉州街32之2號,45
RSN_000550,話一隻雞,4.2,227112332,AREA_00,南陽街21之5號1樓,130
RSN_000551,漢來海港 自助餐廳,4.1,227112333,AREA_04,敦化南路一段246號6樓,913
RSN_000552,宏益水晶餃,4.1,227112334,AREA_05,昆明街184之2號,30
RSN_000553,Fly's Kitchen,4.5,227112335,AREA_04,大安路一段16巷4號,200
RSN_000554,佬饕賦,4.3,227112336,AREA_07,士東路200巷78號,160
RSN_000555,玖酒井食事町,5.0,227112337,AREA_04,敦化南路一段190巷40號1樓,1500
RSN_000556,藝奇新日本料理 台北中山北店,4.7,227112338,AREA_02,中山北路二段68號B1,420
RSN_000557,BANCO 世貿店,4.5,227112339,AREA_06,基隆路二段13之1號1樓,250
RSN_000558,Maison家 Chinese fusion,4.4,227112340,AREA_04,光復南路290巷41號,600
RSN_000559,夢仙,4.7,227112341,AREA_04,信義路四段60之100號,300
RSN_000560,濟善老麵,4.4,227112342,AREA_05,艋舺大道120巷11弄1號,200
RSN_000561,CHENDU 94 心肝寶貝,4.6,227112343,AREA_05,成都路94號,550
RSN_000562,C'est Bon 歐陸餐廳 (麗禧酒店),4.6,227112344,AREA_08,幽雅路30號,1000
RSN_000563,Fourplay Cuisine,4.4,227112345,AREA_04,東豐街67號,800
RSN_000564,志明牛肉拉麵(北投總店),4.0,227112346,AREA_08,中央北路一段228巷3號,140
RSN_000565,桃花源緣,4.8,227112347,AREA_01,延平北路二段79號,308
RSN_000566,唯寧記麻辣鴨血,4.0,227112348,AREA_09,內湖路一段737巷29號,120
RSN_000567,SOMA 特調飲品,4.2,227112349,AREA_04,敦化南路一段187巷23號,70
RSN_000568,春美冰菓室,4.4,227112350,AREA_03,敦化北路120巷54號,100
RSN_000569,"原汁排骨湯,高麗菜飯",4.0,227112351,AREA_01,延平北路三段17巷2號,200
RSN_000570,TASTY西堤牛排,3.9,227112352,AREA_04,復興南路一段152號3樓,300
RSN_000571,謝謝 台味炭烤,4.6,227112353,AREA_09,成功路四段61巷25弄7號,400
RSN_000572,父母 - FuMu - COME TO MAMA & PAPA,4.7,227112354,AREA_02,興安街103號,500
RSN_000573,蔚稻食堂,4.6,227112355,AREA_02,民生東路二段115巷25弄2號,200
RSN_000574,濱松屋,3.8,227112356,AREA_02,林森北路119巷12號,700
RSN_000575,木柵水煎包,4.4,227112357,AREA_11,指南路一段25號,800
RSN_000576,史坦利美式牛排 敦化店,4.4,227112358,AREA_04,敦化南路一段233巷22號,450
RSN_000577,Nomad bistro bar,4.7,227112359,AREA_04,光復南路308巷43號,900
RSN_000578,泰正點,4.1,227112360,AREA_00,汀州路三段166號,300
RSN_000579,胡饕米粉湯•黑白切 Hu Tao Traditional Taiwanese Cuisine,4.2,227112361,AREA_06,永吉路30巷158弄3號,100
RSN_000580,日安 Ciao早午餐,3.7,227112362,AREA_00,汀州路二段186號,200
RSN_000581,天香樓 (亞都麗緻大飯店),4.4,227112363,AREA_02,民權東路二段41號,1700
RSN_000582,北平都一處,4.0,227112364,AREA_06,仁愛路四段506號,340
RSN_000583,鬧聚 HUBBUB,4.4,227112365,AREA_03,富錦街454號,250
RSN_000584,彭園湘菜館,3.7,227112366,AREA_02,林森北路380號,690
RSN_000585,敘日 全日餐廳 - 台北六福萬怡酒店,3.7,227112367,AREA_10,忠孝東路七段359號7樓號,1500
RSN_000586,倆男食所,4.8,227112368,AREA_02,錦州街231巷5號,360
RSN_000587,庄頭豆花担,4.0,227112369,AREA_03,市民大道四段73號,50
RSN_000588,醒而眠咖啡酒館 Awake til sleep,4.5,227112370,AREA_04,仁愛路三段143巷38號,100
RSN_000589,悄悄好食永康店舖,4.4,227112371,AREA_04,永康街31巷14之4號,185
RSN_000590,廣集品廣東粥,4.4,227112372,AREA_06,虎林街121巷1號,70
RSN_000591,Take out burger,4.3,227112373,AREA_00,新生南路一段56巷6號,300
RSN_000592,Chatime日出茶太 內湖大潤發二館店,4.5,227112374,AREA_09,舊宗路一段188號,60
RSN_000593,東京牛奶起司工房 Tokyo Milk Cheese Factory,4.6,227112375,AREA_06,松智路17號2樓,130
RSN_000594,燒烤杏鮑菇,3.9,227112376,AREA_07,大南路98號,230
RSN_000595,M M CAFE & BAR,4.5,227112377,AREA_02,建國北路二段6巷27號,600
RSN_000596,台北國泰萬怡酒店 Courtyard by Marriott Taipei Downtown,4.4,227112378,AREA_02,民生東路三段6號,700
RSN_000597,邱太太甜品坊,4.3,227112379,AREA_02,龍江路382號,100
RSN_000598,麻辣45,4.3,227112380,AREA_06,忠孝東路五段68號45樓,1000
RSN_000599,Fika Fika Cafe,4.3,227112381,AREA_02,伊通街33號,240
RSN_000600,光景 Scene Select,4.6,227112382,AREA_03,健康路11之1號,260
RSN_000601,泰鄉食坊,4.2,227112383,AREA_09,麗山街348巷14號1樓,800
RSN_000602,JAI宅 西門店,4.4,227112384,AREA_05,武昌街二段50巷10號2樓,500
RSN_000603,PACKIE銀杏川酒菜館,4.3,227112385,AREA_06,松壽路九號六樓,1000
RSN_000604,神仙川味牛肉麺,4.1,227112386,AREA_02,長春路322號,200
RSN_000605,霜 越南河粉,3.9,227112387,AREA_04,復興南路一段74號,135
RSN_000606,月霞 Waha Cafe,4.8,227112388,AREA_01,赤峰街47巷3號1樓,200
RSN_000607,開飯川食堂,4.1,227112389,AREA_06,忠孝東路五段8號7樓,600
RSN_000608,大村武串燒 士林店,4.4,227112390,AREA_07,基河路255號,500
RSN_000609,銀兔-スープカレー,4.5,227112391,AREA_04,浦城街13巷4號,300
RSN_000610,巴和奈野 illy Cafe（奈野咖啡二店）,4.1,227112392,AREA_00,羅斯福路二段81巷16弄5號,270
RSN_000611,Ryans都會潛艇堡,4.0,227112393,AREA_09,金湖路392號,150
